name,geometry,tourism,Latitude,Longitude,Lat,Lon
,POINT (459477.325981066 5664106.9265177045),viewpoint,51.1473836,-115.5795675,5664106.9265177045,459477.325981066
Cave & Basin National Historic Site,POINT (458705.11439139076 5666541.770992119),attraction,51.1692307,-115.590891,5666541.770992119,458705.11439139076
Canada Place Banff,POINT (460075.5797094772 5666785.66261946),attraction,51.171522,-115.5713091,5666785.66261946,460075.5797094772
HI Banff Alpine Centre,POINT (461712.1324563702 5668299.299313553),hostel,51.1852498,-115.548053,5668299.299313553,461712.1324563702
Cory Pass,POINT (452706.28833163023 5670471.331758468),viewpoint,51.2041128,-115.6772404,5670471.331758468,452706.28833163023
Aylmer Lookout,POINT (470506.9681712529 5679730.392298333),viewpoint,51.2886,-115.42311,5679730.392298333,470506.9681712529
,POINT (452659.8894999988 5664936.747687919),information,51.1543243,-115.677175,5664936.747687919,452659.8894999988
Cascade Amphitheatre,POINT (459204.4085723021 5673279.787148981),attraction,51.2298772,-115.5845135,5673279.787148981,459204.4085723021
Six glaciers viewpoint,POINT (410617.84197772306 5691306.855143224),viewpoint,51.3864555,-116.2850396,5691306.855143224,410617.84197772306
Surprise Corner,POINT (460874.5732179085 5666346.0524480995),viewpoint,51.1676228,-115.5598284,5666346.0524480995,460874.5732179085
,POINT (417864.41774573893 5684603.671214793),viewpoint,51.3272655,-116.1793318,5684603.671214793,417864.41774573893
Moraine lake,POINT (417770.9172552398 5684671.176717269),viewpoint,51.3278591,-116.1806896,5684671.176717269,417770.9172552398
Moraine lake,POINT (417819.1887503784 5684644.537622451),viewpoint,51.3276265,-116.1799905,5684644.537622451,417819.1887503784
,POINT (413360.8792410591 5694176.690589889),viewpoint,51.4126907,-116.2463147,5694176.690589889,413360.8792410591
Stewart Canyon,POINT (465513.7597975946 5676545.346951243),viewpoint,51.2596687,-115.4944328,5676545.346951243,465513.7597975946
Fox Hotel and Suites,POINT (460662.9382931061 5668093.905821678),hotel,51.1833309,-115.5630479,5668093.905821678,460662.9382931061
Hidden Ridge Resort,POINT (461847.59702725534 5668618.610636706),hotel,51.1881312,-115.546148,5668618.610636706,461847.59702725534
Vermilion Lake,POINT (457853.45594786527 5667997.735906554),viewpoint,51.1822654,-115.6032476,5667997.735906554,457853.45594786527
Brewster's Mountain Lodge,POINT (460022.75598794216 5667369.983968947),hotel,51.1767745,-115.57213,5667369.983968947,460022.75598794216
Muleshoe,POINT (449739.74845237314 5667730.831959259),attraction,51.1792082,-115.7193335,5667730.831959259,449739.74845237314
LM8,POINT (470331.24508992274 5678366.64594029),camp_site,51.2763234,-115.4255175,5678366.64594029,470331.24508992274
LM9,POINT (471476.4247044288 5678699.87738032),camp_site,51.2793795,-115.4091201,5678699.87738032,471476.4247044288
LM11,POINT (472998.75940596877 5678420.1301822085),camp_site,51.2769373,-115.3872643,5678420.1301822085,472998.75940596877
LM20,POINT (478973.1904125477 5674883.673130765),camp_site,51.2453769,-115.3013696,5674883.673130765,478973.1904125477
LM22,POINT (480411.3088976392 5675711.571685179),camp_site,51.2528756,-115.2808032,5675711.571685179,480411.3088976392
Fairview Lookout,POINT (415057.12753598194 5693858.137508147),viewpoint,51.4100827,-116.2218436,5693858.137508147,415057.12753598194
SU8,POINT (447662.1689402558 5651947.385643042),camp_site,51.0370469,-115.746774,5651947.385643042,447662.1689402558
Allenby Junction -Br17,POINT (461079.0796046388 5638685.931341053),camp_site,50.9188171,-115.553927,5638685.931341053,461079.0796046388
McBride's Camp -Br14,POINT (463453.862825784 5636701.171582046),camp_site,50.9011179,-115.5199314,5636701.171582046,463453.862825784
Big Springs Br9,POINT (466403.27058290964 5633901.746155317),camp_site,50.8761137,-115.477715,5633901.746155317,466403.27058290964
Saskatchewan Glacier,POINT (356519.2758217652 5780857.56522304),viewpoint,52.180318,-117.0994139,5780857.56522304,356519.2758217652
Divide Creek,POINT (410660.3188239971 5698521.217221482),information,51.4513423,-116.2862491,5698521.217221482,410660.3188239971
Tunnel Mountain Campground,POINT (462164.6586616335 5668693.426991589),caravan_site,51.1888253,-115.5416174,5668693.426991589,462164.6586616335
Lost Horse Creek,POINT (438599.9500590374 5669160.887282392),camp_site,51.1909824,-115.8789946,5669160.887282392,438599.9500590374
Ink Pots,POINT (442580.1772309805 5678852.6057812665),attraction,51.2785717,-115.8235757,5678852.6057812665,442580.1772309805
LM31,POINT (481299.8738807277 5675539.403312912),camp_site,51.2513567,-115.2680568,5675539.403312912,481299.8738807277
HI Mosquito Creek,POINT (407939.46270577004 5718368.337660659),hostel,51.6293882,-116.3306066,5718368.337660659,407939.46270577004
Mistaya Canyon,POINT (381777.9963266069 5753772.530892389),attraction,51.9428098,-116.7206435,5753772.530892389,381777.9963266069
Simpson Pass,POINT (441843.86473458883 5656736.624117686),viewpoint,51.0795665,-115.8305531,5656736.624117686,441843.86473458883
Peyto Lake View,POINT (395762.01908911555 5728014.349653987),viewpoint,51.7139986,-116.5094336,5728014.349653987,395762.01908911555
Little Beehive,POINT (413986.1734872024 5695096.048708096),viewpoint,51.4210541,-116.2375453,5695096.048708096,413986.1734872024
HI Lake Louise Alpine Centre,POINT (417806.04861438915 5695779.264605405),hostel,51.4277659,-116.1827574,5695779.264605405,417806.04861438915
Cr6,POINT (462724.90030608064 5679745.188843901),camp_site,51.2882765,-115.5347492,5679745.188843901,462724.90030608064
,POINT (356285.9176289079 5780953.73421979),viewpoint,52.1811216,-117.1028667,5780953.73421979,356285.9176289079
Big Beehive,POINT (413564.75130615674 5694380.714576901),viewpoint,51.4145567,-116.2434325,5694380.714576901,413564.75130615674
Lower Falls,POINT (441585.9114663416 5676187.518311938),viewpoint,51.2544988,-115.8373991,5676187.518311938,441585.9114663416
Lower Falls,POINT (441595.1990456359 5676225.6347622555),viewpoint,51.2548426,-115.8372722,5676225.6347622555,441595.1990456359
Upper Falls,POINT (442088.84982163284 5676937.327594563),viewpoint,51.2612945,-115.8303115,5676937.327594563,442088.84982163284
BC Alberta Border Marker,POINT (458222.29418334336 5635798.009950345),information,50.8926381,-115.594252,5635798.009950345,458222.29418334336
Crowfoot Glacier Viewpoint,POINT (400535.8271611753 5722241.383970751),viewpoint,51.6629545,-116.438683,5722241.383970751,400535.8271611753
Lake Louise Visitor Centre,POINT (418061.22961956856 5695612.412852019),information,51.4263023,-116.1790476,5695612.412852019,418061.22961956856
Tw7 Twin Lakes,POINT (431597.2537252744 5671873.873543474),camp_site,51.2145883,-115.9797469,5671873.873543474,431597.2537252744
,POINT (403094.1034576702 5724632.361728346),viewpoint,51.6849024,-116.4023553,5724632.361728346,403094.1034576702
Halfway Hut,POINT (423749.91943442944 5700796.929058484),wilderness_hut,51.4737252,-116.098326,5700796.929058484,423749.91943442944
Stoney Creek Wardens Cabin,POINT (458681.2276652347 5685081.837223187),alpine_hut,51.3360011,-115.5933755,5685081.837223187,458681.2276652347
Bow View Lodge,POINT (459782.9607775647 5667498.38687458),hotel,51.1779127,-115.575576,5667498.38687458,459782.9607775647
Mountain Country,POINT (460307.2176364717 5668044.059323149),guest_house,51.1828579,-115.5681337,5668044.059323149,460307.2176364717
King Edward Hotel,POINT (460088.13786025 5667342.5952568855),hotel,51.1765327,-115.5711913,5667342.5952568855,460088.13786025
Big Horn Bed and Breakfast,POINT (459872.58567205525 5667805.444491131),guest_house,51.1806811,-115.5743277,5667805.444491131,459872.58567205525
Taylor Lake Campground - Ta6,POINT (424097.92123808526 5681281.967082254),camp_site,51.298257,-116.0891394,5681281.967082254,424097.92123808526
,POINT (417120.4980553209 5694331.51164888),picnic_site,51.4146456,-116.1922812,5694331.51164888,417120.4980553209
Sentinel Pass,POINT (414924.2679625193 5686128.832595669),attraction,51.3405495,-116.221902,5686128.832595669,414924.2679625193
,POINT (380699.01825518045 5757103.885558269),picnic_site,51.9725298,-116.7374973,5757103.885558269,380699.01825518045
,POINT (407042.68673817767 5732032.276770813),attraction,51.7521143,-116.3472078,5732032.276770813,407042.68673817767
,POINT (406123.5987152448 5734052.463646658),camp_site,51.7701272,-116.3610701,5734052.463646658,406123.5987152448
,POINT (402418.0850768268 5739346.724978587),attraction,51.8170997,-116.416268,5739346.724978587,402418.0850768268
Waterfowl Lake - Viewpoint North,POINT (386766.77775495383 5743988.769985422),viewpoint,51.8558826,-116.6448518,5743988.769985422,386766.77775495383
,POINT (373769.92091157445 5752266.3610328045),camp_site,51.9275087,-116.83658,5752266.3610328045,373769.92091157445
,POINT (373895.4731445977 5752282.192086789),attraction,51.9276795,-116.8347601,5752282.192086789,373895.4731445977
Sunset Lookout,POINT (368416.5774534895 5770196.436581715),viewpoint,52.0874506,-116.9213146,5770196.436581715,368416.5774534895
Moraine Lake lodge,POINT (417641.86183426593 5684663.292397635),hotel,51.3277695,-116.1825404,5684663.292397635,417641.86183426593
Marvel Lake -BR13,POINT (463602.77983275085 5635779.993864921),camp_site,50.8928405,-115.517721,5635779.993864921,463602.77983275085
Upper Falls,POINT (442066.82142422633 5676963.847541677),viewpoint,51.2615308,-115.8306316,5676963.847541677,442066.82142422633
Castle Cliffs,POINT (435256.91995009535 5678442.206160061),viewpoint,51.2740945,-115.9285252,5678442.206160061,435256.91995009535
,POINT (413843.47541017865 5694540.3701751),viewpoint,51.416035,-116.2394627,5694540.3701751,413843.47541017865
,POINT (418497.26914797066 5692224.492430228),information,51.3958957,-116.1719953,5692224.492430228,418497.26914797066
Re21 Ball Pass Junction,POINT (432238.02056328964 5663040.929125212),camp_site,51.1352165,-115.9689038,5663040.929125212,432238.02056328964
Re14 Shadow Lake,POINT (434094.10780192656 5666618.686943886),camp_site,51.167614,-115.9430239,5666618.686943886,434094.10780192656
E13 Egypt Lake,POINT (437156.2181880735 5660024.210119906),camp_site,51.1086431,-115.8980636,5660024.210119906,437156.2181880735
Sp6 - Mount Rundle,POINT (463028.65315668046 5661928.701247237),camp_site,51.12803,-115.528554,5661928.701247237,463028.65315668046
,POINT (459983.1081634585 5629865.772614085),attraction,50.8393973,-115.5685578,5629865.772614085,459983.1081634585
Lower Waterfowl Lake Viewpoint,POINT (387872.47016269807 5743275.710729292),viewpoint,51.8496948,-116.6285658,5743275.710729292,387872.47016269807
Lake Minnewanka,POINT (471818.1431337 5677986.792051798),attraction,51.272982,-115.4041626,5677986.792051798,471818.1431337
Valley View,POINT (468429.14916105993 5666112.178944514),picnic_site,51.1659863,-115.4517168,5666112.178944514,468429.14916105993
,POINT (360993.4839754626 5779295.454278463),viewpoint,52.1674232,-117.033352,5779295.454278463,360993.4839754626
,POINT (359411.85042182077 5780000.22340151),viewpoint,52.1733571,-117.0567639,5780000.22340151,359411.85042182077
,POINT (411316.2619886939 5692049.803937826),attraction,51.3932467,-116.2751869,5692049.803937826,411316.2619886939
,POINT (423621.5306468685 5682444.985676933),attraction,51.3086534,-116.0962231,5682444.985676933,423621.5306468685
,POINT (417741.140662553 5684769.624738891),picnic_site,51.3287402,-116.1811398,5684769.624738891,417741.140662553
,POINT (425752.21341700776 5687061.633900492),picnic_site,51.3504579,-116.0666112,5687061.633900492,425752.21341700776
,POINT (426708.52175562043 5694329.44041344),camp_site,51.4159487,-116.0543769,5694329.44041344,426708.52175562043
Hidden Lake,POINT (423672.2921356988 5701005.305459031),camp_site,51.4755888,-116.099489,5701005.305459031,423672.2921356988
Baker Lake Camp Sk11,POINT (428258.8401926501 5702985.0327680865),camp_site,51.493995,-116.033835,5702985.0327680865,428258.8401926501
Red Deer Lakes SK19,POINT (427691.2403615066 5707852.631971976),camp_site,51.5377009,-116.0430125,5707852.631971976,427691.2403615066
,POINT (430307.5849261796 5708490.934980615),attraction,51.5437711,-116.0054061,5708490.934980615,430307.5849261796
Molar Creek Campground,POINT (416844.8506944201 5713637.798547327),camp_site,51.5882335,-116.2008007,5713637.798547327,416844.8506944201
Camp (random camping),POINT (419929.0763620129 5720391.818426116),camp_site,51.6494216,-116.1578178,5720391.818426116,419929.0763620129
,POINT (475009.35262924497 5677205.876472516),attraction,51.2661063,-115.3583431,5677205.876472516,475009.35262924497
,POINT (470543.58305521385 5679659.723278471),attraction,51.2879662,-115.4225789,5679659.723278471,470543.58305521385
Monarch Viewpoint,POINT (444178.1436178652 5657361.53433383),viewpoint,51.0854197,-115.7973164,5657361.53433383,444178.1436178652
Egypt Lake Shelter,POINT (437162.6307762788 5659992.2357715815),alpine_hut,51.1083562,-115.8979664,5659992.2357715815,437162.6307762788
Halfway Lodge,POINT (459085.35428603593 5646744.005298517),alpine_hut,50.9911671,-115.583207,5646744.005298517,459085.35428603593
,POINT (420726.7334935538 5698491.309335543),picnic_site,51.4525735,-116.1413462,5698491.309335543,420726.7334935538
,POINT (437334.8740251908 5659995.051315095),attraction,51.1084004,-115.8955058,5659995.051315095,437334.8740251908
RE-16 Pharaoh Creek,POINT (436351.7007488597 5664363.18399749),camp_site,51.1475823,-115.9103259,5664363.18399749,436351.7007488597
,POINT (446372.67742737813 5671980.032137147),picnic_site,51.2171235,-115.7681545,5671980.032137147,446372.67742737813
,POINT (442292.79754798475 5673175.613968061),picnic_site,51.2274794,-115.8267808,5673175.613968061,442292.79754798475
,POINT (440470.32037837984 5674766.504677032),camp_site,51.2416017,-115.8531533,5674766.504677032,440470.32037837984
Johnston canyon,POINT (441341.41090307373 5675230.172857439),attraction,51.2458626,-115.8407467,5675230.172857439,441341.41090307373
,POINT (453564.9552180788 5666904.273600089),picnic_site,51.1720969,-115.6644837,5666904.273600089,453564.9552180788
,POINT (449679.05467631936 5667673.850311485),picnic_site,51.1786903,-115.7201941,5667673.850311485,449679.05467631936
,POINT (462440.6975896508 5669554.419422429),attraction,51.1965885,-115.5377562,5669554.419422429,462440.6975896508
,POINT (462900.42622494284 5675283.39380134),attraction,51.2481528,-115.5317678,5675283.39380134,462900.42622494284
,POINT (462773.95560677303 5675284.488652326),attraction,51.2481544,-115.5335806,5675284.488652326,462773.95560677303
Sulphur Mountain Cosmic Ray Station,POINT (459547.64364360285 5664071.799879156),attraction,51.1470726,-115.5785579,5664071.799879156,459547.64364360285
,POINT (456972.4148587115 5664987.436450375),picnic_site,51.1551211,-115.6154967,5664987.436450375,456972.4148587115
,POINT (428427.80221162294 5675730.918932002),picnic_site,51.2488909,-116.0259072,5675730.918932002,428427.80221162294
,POINT (439778.27543964895 5676678.499541071),camp_site,51.2587268,-115.8633922,5676678.499541071,439778.27543964895
,POINT (439937.183166481 5676899.043348634),camp_site,51.2607273,-115.8611513,5676899.043348634,439937.183166481
,POINT (439709.690278105 5677011.158161729),camp_site,51.2617117,-115.8644315,5677011.158161729,439709.690278105
,POINT (434273.9008631575 5679253.58901226),picnic_site,51.2812798,-115.9427707,5679253.58901226,434273.9008631575
,POINT (433737.9804956404 5681078.971251188),attraction,51.2976359,-115.9507958,5681078.971251188,433737.9804956404
,POINT (434119.35213478934 5681193.242296267),attraction,51.298708,-115.9453454,5681193.242296267,434119.35213478934
Cirrus Mountain Viewpoint,POINT (364375.94693959097 5773821.565624086),viewpoint,52.1190609,-116.9817206,5773821.565624086,364375.94693959097
Fenland Trail,POINT (459296.88170327747 5668202.575830246),attraction,51.1842127,-115.5826121,5668202.575830246,459296.88170327747
Giant Steps,POINT (413082.6561592859 5688077.595023106),viewpoint,51.3577967,-116.2488219,5688077.595023106,413082.6561592859
Pa10,POINT (412908.1041980318 5687915.560175946),camp_site,51.3563127,-116.2512895,5687915.560175946,412908.1041980318
Mosquito Creek Campsite,POINT (409651.3087715108 5722345.144313306),camp_site,51.6654284,-116.3068993,5722345.144313306,409651.3087715108
,POINT (399927.83190024475 5722883.210497016),picnic_site,51.6686179,-116.4476582,5722883.210497016,399927.83190024475
Elkhorn Lodge,POINT (460340.7328092759 5666511.937380226),guest_house,51.1690782,-115.5674848,5666511.937380226,460340.7328092759
,POINT (417380.3694343309 5695882.76771781),information,51.4286348,-116.1889056,5695882.76771781,417380.3694343309
Hummocks,POINT (445394.8531500588 5655654.6449147025),information,51.0701832,-115.7796815,5655654.6449147025,445394.8531500588
Islands,POINT (445379.8713277464 5655492.605175736),information,51.0687242,-115.7798709,5655492.605175736,445379.8713277464
Life on the edge,POINT (445388.73250290897 5656166.707626517),information,51.0747887,-115.7798463,5656166.707626517,445388.73250290897
Welcome to the continental divide,POINT (445369.55916448194 5655512.291577315),information,51.0689003,-115.7800211,5655512.291577315,445369.55916448194
HI Rampart Creek,POINT (372245.1337469154 5765139.251565694),hostel,52.0428857,-116.8635506,5765139.251565694,372245.1337469154
Panther falls,POINT (359453.2328898091 5780927.65975269),viewpoint,52.1817039,-117.0565435,5780927.65975269,359453.2328898091
,POINT (381067.36946284364 5757039.015952703),viewpoint,51.9720256,-116.7321128,5757039.015952703,381067.36946284364
Water at work,POINT (381747.9217023128 5753686.518288747),information,51.9420301,-116.7210514,5753686.518288747,381747.9217023128
Let the sun shine,POINT (396268.7733370401 5728371.113098878),information,51.7173006,-116.5022045,5728371.113098878,396268.7733370401
,POINT (395910.52299291594 5728389.032233734),information,51.7173953,-116.507396,5728389.032233734,395910.52299291594
The amazing diversity,POINT (396089.61219448043 5728371.468017896),information,51.7172706,-116.5047982,5728371.468017896,396089.61219448043
Timberline,POINT (396207.5483557109 5728367.380415241),information,51.7172557,-116.5030897,5728367.380415241,396207.5483557109
Valley view,POINT (395958.18816107436 5728386.746693043),information,51.7173836,-116.5067053,5728386.746693043,395958.18816107436
Welcome to Bow Summit,POINT (395982.62307876465 5728318.236454825),information,51.7167721,-116.5063311,5728318.236454825,395982.62307876465
Welcome to Bow summit (elevation 2135 m / 7000 '),POINT (396439.12237144576 5728334.245976826),information,51.7170006,-116.4997275,5728334.245976826,396439.12237144576
A refugee for mountaineers,POINT (415248.35691671056 5694662.020774798),information,51.417341,-116.2192859,5694662.020774798,415248.35691671056
From chalet to chateau,POINT (415319.2514621105 5694637.268953629),information,51.417129,-116.2182603,5694637.268953629,415319.2514621105
Ice axes and tea cups,POINT (415255.3599488004 5694660.036231947),information,51.4173242,-116.2191847,5694660.036231947,415255.3599488004
Kindness kills wilderness,POINT (413498.30126040144 5694576.89802494),information,51.4163109,-116.2444361,5694576.89802494,413498.30126040144
Lake Louise,POINT (415809.93256776803 5694497.128403888),information,51.4159418,-116.2111695,5694497.128403888,415809.93256776803
Plain of six glaciers,POINT (413807.0279860323 5693659.524788794),information,51.4081077,-116.2397726,5693659.524788794,413807.0279860323
Sensitive species,POINT (415322.72057159565 5694621.777779856),information,51.4169902,-116.2182067,5694621.777779856,415322.72057159565
Sharing the landscape,POINT (415328.21245066903 5694615.459717486),information,51.4169342,-116.2181262,5694615.459717486,415328.21245066903
A source of inspiration,POINT (441546.7209817677 5675890.558258159),information,51.2518237,-115.8379123,5675890.558258159,441546.7209817677
Johnston canyon,POINT (441365.7596311175 5675334.155082024),information,51.2468004,-115.8404148,5675334.155082024,441365.7596311175
Please don't feed the animals.,POINT (441520.6582682375 5676008.802239149),information,51.2528846,-115.8383052,5676008.802239149,441520.6582682375
,POINT (441588.7144416328 5676192.889514246),information,51.2545474,-115.8373598,5676192.889514246,441588.7144416328
Trailblazers,POINT (441503.5270312887 5675565.349971381),information,51.2488941,-115.8384782,5675565.349971381,441503.5270312887
Skoki Loop Trailhead,POINT (419982.45361014217 5697086.874586642),attraction,51.4398378,-116.1517419,5697086.874586642,419982.45361014217
Backswamp,POINT (451339.69744924706 5666550.015459826),viewpoint,51.1687251,-115.6962766,5666550.015459826,451339.69744924706
Mistaya Canyon,POINT (381731.87379516783 5753717.752489825),viewpoint,51.9423075,-116.7212956,5753717.752489825,381731.87379516783
,POINT (380678.61799907737 5757093.361387841),picnic_site,51.9724308,-116.7377906,5757093.361387841,380678.61799907737
,POINT (380672.37491877854 5757084.512165968),picnic_site,51.9723499,-116.7378784,5757084.512165968,380672.37491877854
,POINT (380714.2263795983 5757103.255235904),picnic_site,51.9725274,-116.7372757,5757103.255235904,380714.2263795983
Hector Lake,POINT (409268.7264360142 5713674.516322988),viewpoint,51.5873937,-116.3101836,5713674.516322988,409268.7264360142
Bow lake,POINT (399776.991838985 5723435.802737099),viewpoint,51.67356,-116.4499982,5723435.802737099,399776.991838985
HI Castle Mountain,POINT (436065.78618213325 5677693.682716092),hostel,51.2674533,-115.9167923,5677693.682716092,436065.78618213325
Waterfowl Lake - Viewpoint South,POINT (389004.40991137223 5741276.964888504),viewpoint,51.83195,-116.6114904,5741276.964888504,389004.40991137223
,POINT (420720.31928623683 5698485.82754441),viewpoint,51.4525233,-116.1414373,5698485.82754441,420720.31928623683
Kicking horse viewpoint,POINT (420257.8280827509 5699159.73043334),viewpoint,51.4585191,-116.1482467,5699159.73043334,420257.8280827509
Cr15,POINT (458296.1358371244 5686486.943611309),camp_site,51.348612,-115.5990702,5686486.943611309,458296.1358371244
,POINT (463754.9986329668 5674040.74125199),information,51.2370297,-115.5193934,5674040.74125199,463754.9986329668
,POINT (459988.7484790716 5667268.852132829),artwork,51.1758624,-115.5726054,5667268.852132829,459988.7484790716
,POINT (463334.0713609347 5674723.318371526),viewpoint,51.2431428,-115.525495,5674723.318371526,463334.0713609347
No5 - Norman Creek,POINT (370203.87269103614 5770203.062538391),camp_site,52.0879325,-116.8952355,5770203.062538391,370203.87269103614
Waterfall,POINT (462068.0972211967 5671433.655271533),viewpoint,51.2134683,-115.5432895,5671433.655271533,462068.0972211967
Mount Cockscomb Camp Fm10,POINT (452738.69523074117 5673719.323184772),camp_site,51.2333316,-115.6772049,5673719.323184772,452738.69523074117
Mystic Valley Camp Ml22,POINT (448777.21103904356 5679541.602508528),camp_site,51.2853606,-115.7347985,5679541.602508528,448777.21103904356
Mystic Junction Camp Fm19,POINT (450136.05294954026 5680938.276311634),camp_site,51.2980443,-115.7155026,5680938.276311634,450136.05294954026
Sawback Lake Camp Fm29,POINT (447449.3595497985 5687731.489931297),camp_site,51.3589061,-115.7550536,5687731.489931297,447449.3595497985
Block Lakes Junction Camp Cr37,POINT (442249.68041430466 5691233.54999454),camp_site,51.3899004,-115.8303248,5691233.54999454,442249.68041430466
Flints Park Camp Cr31,POINT (447496.9260358118 5693475.612631792),camp_site,51.4105773,-115.7552202,5693475.612631792,447496.9260358118
Badger Pass Junction Camp Jo29,POINT (434393.30565101973 5691141.46798585),camp_site,51.3882175,-115.94325,5691141.46798585,434393.30565101973
Wildflower Creek Camp Ba15,POINT (429595.9196161492 5698310.157078616),camp_site,51.4521176,-116.0136378,5698310.157078616,429595.9196161492
Banff Beaver Cabins,POINT (460249.9228710958 5667468.461991064),chalet,51.1776762,-115.56889,5667468.461991064,460249.9228710958
,POINT (462950.23707555956 5668784.7164014485),viewpoint,51.189698,-115.5303817,5668784.7164014485,462950.23707555956
Path to Hoodoos,POINT (463601.97407008597 5668655.08199999),viewpoint,51.1885738,-115.5210391,5668655.08199999,463601.97407008597
campsite 3,POINT (442577.5869155314 5680564.293287693),camp_site,51.2939676,-115.8238883,5680564.293287693,442577.5869155314
Larry's Camp,POINT (442578.9897965162 5680626.569685773),camp_site,51.2945279,-115.8238782,5680626.569685773,442578.9897965162
Campsite 1,POINT (442573.37975647603 5680549.654099656),camp_site,51.2938355,-115.8239463,5680549.654099656,442573.37975647603
Campsite 4,POINT (442586.8131449309 5680584.557275151),camp_site,51.2941508,-115.8237592,5680584.557275151,442586.8131449309
Bow falls viewpoint,POINT (460847.3345199396 5666163.199854722),viewpoint,51.1659761,-115.5601982,5666163.199854722,460847.3345199396
King's Lookout,POINT (461319.7257823921 5667459.0857676),viewpoint,51.1776653,-115.5535791,5667459.0857676,461319.7257823921
,POINT (461491.79143465863 5666955.737469038),viewpoint,51.1731491,-115.5510627,5666955.737469038,461491.79143465863
Sunwapta Pass,POINT (353103.4029606379 5784272.376184448),attraction,52.2101104,-117.1508389,5784272.376184448,353103.4029606379
,POINT (398798.1979631254 5723936.933761362),viewpoint,51.6778906,-116.4642995,5723936.933761362,398798.1979631254
,POINT (441804.4149353236 5676738.532849115),viewpoint,51.2594774,-115.8343568,5676738.532849115,441804.4149353236
,POINT (442017.4998114519 5676997.858404642),viewpoint,51.2618317,-115.8313442,5676997.858404642,442017.4998114519
,POINT (441580.79351267224 5676239.773807248),viewpoint,51.2549683,-115.837481,5676239.773807248,441580.79351267224
Johnston Creek Valley,POINT (441544.57433144626 5675680.949325233),viewpoint,51.2499381,-115.8379088,5675680.949325233,441544.57433144626
Banff Hoodoos Viewpoint,POINT (463670.6925904721 5668650.782459611),viewpoint,51.1885395,-115.520055,5668650.782459611,463670.6925904721
,POINT (463833.23722555453 5668572.68528959),viewpoint,51.1878473,-115.5177204,5668572.68528959,463833.23722555453
,POINT (465509.2517230176 5676085.97410476),viewpoint,51.2555362,-115.4944531,5676085.97410476,465509.2517230176
,POINT (465399.06621840235 5673415.325226178),viewpoint,51.231506,-115.4957743,5673415.325226178,465399.06621840235
,POINT (465518.9155322076 5675741.076196054),viewpoint,51.2524343,-115.4942813,5675741.076196054,465518.9155322076
Bow Falls Viewpoint,POINT (460805.2874920615 5666393.459757676),viewpoint,51.1680445,-115.5608249,5666393.459757676,460805.2874920615
,POINT (458084.14086965873 5666644.359063773),viewpoint,51.1701083,-115.599788,5666644.359063773,458084.14086965873
,POINT (458725.8322467447 5666455.048853302),viewpoint,51.1684521,-115.5905846,5666455.048853302,458725.8322467447
,POINT (458957.32835317776 5669617.965709741),attraction,51.1969203,-115.587634,5669617.965709741,458957.32835317776
Temple Viewpoint,POINT (422620.4612695631 5689904.68875637),viewpoint,51.3756097,-116.1122109,5689904.68875637,422620.4612695631
,POINT (415307.2583917767 5694637.701840745),viewpoint,51.4171311,-116.2184329,5694637.701840745,415307.2583917767
,POINT (415442.5642860682 5694541.396450159),viewpoint,51.4162852,-116.2164638,5694541.396450159,415442.5642860682
,POINT (415096.66055105237 5694667.615830924),viewpoint,51.4173686,-116.2214691,5694667.615830924,415096.66055105237
,POINT (413609.2014210511 5693888.975302336),viewpoint,51.4101411,-116.2426733,5693888.975302336,413609.2014210511
,POINT (413786.10750508663 5694100.337146389),viewpoint,51.4120689,-116.2401807,5694100.337146389,413786.10750508663
,POINT (436959.19977759186 5685932.599318267),camp_site,51.3416579,-115.9054399,5685932.599318267,436959.19977759186
merlin meadows sk18,POINT (424631.9171077599 5707109.022802418),camp_site,51.5306126,-116.0869738,5707109.022802418,424631.9171077599
CR31 Flints Park Campground,POINT (446835.0059005298 5693183.342795688),camp_site,51.4078867,-115.7646967,5693183.342795688,446835.0059005298
,POINT (415104.5144346784 5694705.423827795),information,51.4177098,-116.2213652,5694705.423827795,415104.5144346784
,POINT (436140.9313186794 5677869.908355215),information,51.2690468,-115.9157464,5677869.908355215,436140.9313186794
,POINT (436391.18183791795 5677775.749979721),information,51.2682279,-115.9121415,5677775.749979721,436391.18183791795
Tower Lake Viewpoint,POINT (435545.68237616343 5682798.785309635),viewpoint,51.3133124,-115.9251717,5682798.785309635,435545.68237616343
Rockbound Lake Viewpoint,POINT (435491.5119720835 5683159.13518411),viewpoint,51.3165474,-115.9260144,5683159.13518411,435491.5119720835
,POINT (417778.9734889861 5684769.238256651),picnic_site,51.3287422,-116.1805966,5684769.238256651,417778.9734889861
,POINT (382210.8019931485 5756757.509771165),viewpoint,51.9697384,-116.7153715,5756757.509771165,382210.8019931485
,POINT (399866.7072812683 5722988.023630983),viewpoint,51.6695495,-116.4485722,5722988.023630983,399866.7072812683
Viewpoint North Saskatchwan River,POINT (380701.7875918314 5757036.069803303),viewpoint,51.9719207,-116.7374334,5757036.069803303,380701.7875918314
Weeping Wall Viewpoint,POINT (362584.81289017893 5777810.3568662545),viewpoint,52.1544728,-117.0094885,5777810.3568662545,362584.81289017893
Snowbird Glacier Lookout,POINT (392993.9820134713 5734581.964535564),viewpoint,51.7725307,-116.5515229,5734581.964535564,392993.9820134713
Merlin Meadows Campground,POINT (424665.31464097433 5707020.153440322),camp_site,51.5298178,-116.0864732,5707020.153440322,424665.31464097433
,POINT (463370.07040654804 5661187.260113659),picnic_site,51.1213823,-115.5235978,5661187.260113659,463370.07040654804
Shadow Lake Lodge,POINT (433833.4390331543 5666684.540035313),alpine_hut,51.1681762,-115.9467653,5666684.540035313,433833.4390331543
Peyto Hut,POINT (393144.2804191741 5722705.604407769),wilderness_hut,51.6657707,-116.5456984,5722705.604407769,393144.2804191741
Balfour/Rob Ritchie Hut,POINT (398878.3763714902 5714372.471712732),wilderness_hut,51.5918996,-116.4603745,5714372.471712732,398878.3763714902
Hilda Creek Hostel,POINT (354408.56679969083 5782265.747461021),hostel,52.1924214,-117.1308801,5782265.747461021,354408.56679969083
Lake Minnewanka Cruise,POINT (465308.25963585987 5675187.5904652225),viewpoint,51.2474427,-115.4972472,5675187.5904652225,465308.25963585987
Banff Pedestrian Bridge,POINT (460291.6908902041 5666920.7695482215),viewpoint,51.1727524,-115.5682317,5666920.7695482215,460291.6908902041
Castle Mountain Viewpoint,POINT (436853.7987248328 5676883.868066151),viewpoint,51.2602573,-115.9053509,5676883.868066151,436853.7987248328
Mt Norquay Sightseeing Chairlift,POINT (458088.12127012725 5670113.675443959),attraction,51.2013162,-115.6001362,5670113.675443959,458088.12127012725
Vermilion Lake Viewpoint,POINT (457742.16402855463 5667903.978628613),viewpoint,51.1814138,-115.6048294,5667903.978628613,457742.16402855463
Vermilion Lake Viewpoint,POINT (455906.2763357591 5667396.0322901765),viewpoint,51.1767059,-115.6310421,5667396.0322901765,455906.2763357591
Vermilion Lake Viewpoint,POINT (457825.96407049114 5667928.191891112),viewpoint,51.1816378,-115.6036329,5667928.191891112,457825.96407049114
Castle Junction Bridge Viewpoint,POINT (435351.25265603577 5677616.833119604),viewpoint,51.2666814,-115.9270231,5677616.833119604,435351.25265603577
,POINT (388392.6086862094 5742510.882185838),information,51.8429224,-116.6207674,5742510.882185838,388392.6086862094
,POINT (388221.4276413141 5742285.113397682),information,51.8408582,-116.6231792,5742285.113397682,388221.4276413141
,POINT (388562.8509854353 5742228.358434614),information,51.8404162,-116.6182051,5742228.358434614,388562.8509854353
,POINT (387640.42284125846 5741412.845392754),information,51.8328988,-116.631329,5741412.845392754,387640.42284125846
,POINT (458348.2052347737 5635595.3703727815),camp_site,50.8908243,-115.592438,5635595.3703727815,458348.2052347737
,POINT (434201.1360630395 5681216.415916135),viewpoint,51.2989259,-115.9441763,5681216.415916135,434201.1360630395
,POINT (428862.68426464446 5681967.723376586),picnic_site,51.3050407,-116.0209174,5681967.723376586,428862.68426464446
Castle Mountain Lookout,POINT (442413.74597640504 5673061.556348378),viewpoint,51.2264657,-115.8250298,5673061.556348378,442413.74597640504
Corral Creek,POINT (420551.7489933012 5693524.517288233),picnic_site,51.4078794,-116.14275,5693524.517288233,420551.7489933012
,POINT (397046.7515769472 5722003.940535415),viewpoint,51.6601905,-116.4890621,5722003.940535415,397046.7515769472
,POINT (444385.02375950746 5657290.216281656),information,51.0847983,-115.7943508,5657290.216281656,444385.02375950746
,POINT (445834.58440437156 5660385.155672941),information,51.1127765,-115.7741135,5660385.155672941,445834.58440437156
Viewpoing,POINT (378200.2092626684 5755674.335937245),viewpoint,51.9591353,-116.7733638,5755674.335937245,378200.2092626684
,POINT (459773.32447432075 5669998.597753367),viewpoint,51.2004023,-115.5759942,5669998.597753367,459773.32447432075
Panorama Viewpoint,POINT (433272.4998707126 5668836.473671739),viewpoint,51.1874667,-115.9551904,5668836.473671739,433272.4998707126
,POINT (457149.74026752164 5664679.753065019),viewpoint,51.1523667,-115.6129236,5664679.753065019,457149.74026752164
,POINT (465804.3154701894 5669778.865337014),picnic_site,51.1988189,-115.4896209,5669778.865337014,465804.3154701894
,POINT (416421.84574077814 5684485.148439946),information,51.3259892,-116.2000121,5684485.148439946,416421.84574077814
,POINT (412892.03633134556 5692936.147018618),information,51.4014622,-116.2527524,5692936.147018618,412892.03633134556
,POINT (413066.80997615267 5693334.0155088045),information,51.4050672,-116.2503371,5693334.0155088045,413066.80997615267
,POINT (413560.3308212821 5693682.817816635),information,51.4082796,-116.2433258,5693682.817816635,413560.3308212821
,POINT (413298.4640524088 5694143.504770499),information,51.4123827,-116.2472042,5694143.504770499,413298.4640524088
,POINT (413532.363883024 5694601.104752687),information,51.4165338,-116.2439521,5694601.104752687,413532.363883024
,POINT (413744.2230598395 5694695.1630140245),information,51.417412,-116.2409279,5694695.1630140245,413744.2230598395
,POINT (413821.7003287703 5694634.151983771),viewpoint,51.4168751,-116.2397987,5694634.151983771,413821.7003287703
,POINT (441041.81364631426 5674785.504055796),camp_pitch,51.241832,-115.844967,5674785.504055796,441041.81364631426
,POINT (441104.01022570074 5674926.872036305),camp_pitch,51.24311,-115.844099,5674926.872036305,441104.01022570074
,POINT (441107.0432898642 5674875.029175044),camp_pitch,51.242644,-115.844047,5674875.029175044,441107.0432898642
,POINT (441111.44254376466 5674820.613579294),camp_pitch,51.242155,-115.843975,5674820.613579294,441111.44254376466
,POINT (441170.7650760014 5674748.22397408),camp_pitch,51.24151,-115.843113,5674748.22397408,441170.7650760014
,POINT (441088.42333705764 5674851.784987485),camp_pitch,51.242433,-115.84431,5674851.784987485,441088.42333705764
,POINT (441273.28682214516 5674669.781259509),camp_pitch,51.240815,-115.841631,5674669.781259509,441273.28682214516
,POINT (441220.2150665203 5674837.153372186),camp_pitch,51.242315,-115.842419,5674837.153372186,441220.2150665203
,POINT (441113.8269823793 5674675.835079482),camp_pitch,51.240853,-115.843917,5674675.835079482,441113.8269823793
,POINT (441020.1849719114 5674719.158421431),camp_pitch,51.241233,-115.845266,5674719.158421431,441020.1849719114
,POINT (440988.6607815329 5674890.509929825),camp_pitch,51.242771,-115.845746,5674890.509929825,440988.6607815329
,POINT (441270.83359517204 5674967.31611293),camp_pitch,51.243491,-115.841715,5674967.31611293,441270.83359517204
,POINT (441261.0172263213 5674689.15525543),camp_pitch,51.240988,-115.84181,5674689.15525543,441261.0172263213
,POINT (440979.62279384676 5674760.09331344),camp_pitch,51.241597,-115.845854,5674760.09331344,440979.62279384676
,POINT (441222.70998160646 5674780.869743121),camp_pitch,51.241809,-115.842374,5674780.869743121,441222.70998160646
,POINT (441161.4726903314 5674656.054587687),camp_pitch,51.24068,-115.843231,5674656.054587687,441161.4726903314
,POINT (418116.76634815516 5694256.0699226465),camp_pitch,51.414112,-116.177935,5694256.0699226465,418116.76634815516
,POINT (418179.0679906163 5694225.936998875),camp_pitch,51.41385,-116.177032,5694225.936998875,418179.0679906163
,POINT (417958.6794558596 5694602.971251694),camp_pitch,51.417209,-116.180289,5694602.971251694,417958.6794558596
,POINT (417947.63815662684 5694810.964860575),camp_pitch,51.419078,-116.180496,5694810.964860575,417947.63815662684
,POINT (418036.94432989624 5694718.350545546),camp_pitch,51.418258,-116.17919,5694718.350545546,418036.94432989624
,POINT (418060.7068639559 5694350.037911296),camp_pitch,51.414949,-116.178763,5694350.037911296,418060.7068639559
,POINT (418170.8060916496 5694330.588936482),camp_pitch,51.41479,-116.177175,5694330.588936482,418170.8060916496
,POINT (417987.5128729267 5694554.250133311),camp_pitch,51.416775,-116.179863,5694554.250133311,417987.5128729267
,POINT (417966.5981474183 5694852.9120183205),camp_pitch,51.419458,-116.180233,5694852.9120183205,417966.5981474183
,POINT (418012.52529725555 5694643.912081684),camp_pitch,51.417585,-116.179524,5694643.912081684,418012.52529725555
,POINT (418096.0156122603 5694327.676740485),camp_pitch,51.414753,-116.17825,5694327.676740485,418096.0156122603
,POINT (418074.6687677398 5694695.060748151),camp_pitch,51.418054,-116.178642,5694695.060748151,418074.6687677398
,POINT (417961.3171691346 5694503.412956845),camp_pitch,51.416314,-116.180228,5694503.412956845,417961.3171691346
,POINT (418213.92478755536 5694352.912999606),camp_pitch,51.414997,-116.17656,5694352.912999606,418213.92478755536
,POINT (418043.4722881399 5694458.614962196),camp_pitch,51.415923,-116.179036,5694458.614962196,418043.4722881399
,POINT (417994.817692428 5694813.651997573),camp_pitch,51.419109,-116.179818,5694813.651997573,417994.817692428
,POINT (418134.14639322256 5694740.471066841),camp_pitch,51.418471,-116.177797,5694740.471066841,418134.14639322256
,POINT (418118.07888237626 5694411.271078128),camp_pitch,51.415508,-116.177952,5694411.271078128,418118.07888237626
,POINT (417904.0197850802 5694813.557926583),camp_pitch,51.419095,-116.181124,5694813.557926583,417904.0197850802
,POINT (418164.01344648027 5694687.231121899),camp_pitch,51.4179965,-116.1773551,5694687.231121899,418164.01344648027
,POINT (418226.7623962862 5694325.354017433),camp_pitch,51.414751,-116.176369,5694325.354017433,418226.7623962862
,POINT (418103.7129618045 5694564.27810853),camp_pitch,51.416882,-116.178194,5694564.27810853,418103.7129618045
,POINT (418197.46407100785 5694462.255356036),camp_pitch,51.415978,-116.176822,5694462.255356036,418197.46407100785
,POINT (418000.71462196996 5694782.646000539),camp_pitch,51.418831,-116.179726,5694782.646000539,418000.71462196996
,POINT (418048.8897395312 5694445.296105564),camp_pitch,51.415804,-116.178955,5694445.296105564,418048.8897395312
,POINT (417911.14537017955 5694733.71919556),camp_pitch,51.418378,-116.181003,5694733.71919556,417911.14537017955
,POINT (418091.0891845921 5694752.059950352),camp_pitch,51.418569,-116.178419,5694752.059950352,418091.0891845921
,POINT (418137.15648148855 5694646.577673537),camp_pitch,51.417627,-116.177732,5694646.577673537,418137.15648148855
,POINT (418253.62438304204 5694357.168204921),camp_pitch,51.415041,-116.17599,5694357.168204921,418253.62438304204
,POINT (418102.47345829976 5694504.477401856),camp_pitch,51.416344,-116.178198,5694504.477401856,418102.47345829976
,POINT (418249.5271796802 5694509.120402715),camp_pitch,51.416407,-116.176084,5694509.120402715,418249.5271796802
,POINT (418049.77621688973 5694751.056575785),camp_pitch,51.418554,-116.179013,5694751.056575785,418049.77621688973
,POINT (417921.8014481466 5694627.026597975),camp_pitch,51.41742,-116.180825,5694627.026597975,417921.8014481466
,POINT (436482.4803747702 5677818.098776732),camp_pitch,51.268619,-115.91084,5677818.098776732,436482.4803747702
,POINT (436540.4718176859 5677713.8727537785),camp_pitch,51.267688,-115.90999,5677713.8727537785,436540.4718176859
,POINT (436399.5557251554 5677840.696530279),camp_pitch,51.268813,-115.912033,5677840.696530279,436399.5557251554
,POINT (436526.0225188265 5677724.169045986),camp_pitch,51.267779,-115.910199,5677724.169045986,436526.0225188265
,POINT (436415.4013775164 5677802.476726482),camp_pitch,51.268471,-115.911799,5677802.476726482,436415.4013775164
,POINT (436443.81666123087 5677883.50668194),camp_pitch,51.269203,-115.911406,5677883.50668194,436443.81666123087
,POINT (436560.32100771205 5677689.056420116),camp_pitch,51.267467,-115.909701,5677689.056420116,436560.32100771205
,POINT (436478.09555843245 5677740.105873747),camp_pitch,51.267917,-115.910889,5677740.105873747,436478.09555843245
,POINT (436394.3043563181 5677822.194934827),camp_pitch,51.268646,-115.912105,5677822.194934827,436394.3043563181
,POINT (436443.7112117551 5677756.986865507),camp_pitch,51.268065,-115.911385,5677756.986865507,436443.7112117551
,POINT (418132.067422456 5694438.065605744),camp_pitch,51.415751,-116.177757,5694438.065605744,418132.067422456
,POINT (417961.0293853876 5694835.211162081),camp_pitch,51.419298,-116.180309,5694835.211162081,417961.0293853876
,POINT (418210.85452240426 5694625.045932005),camp_pitch,51.417444,-116.176667,5694625.045932005,418210.85452240426
,POINT (418052.06411896425 5694547.540568837),camp_pitch,51.416724,-116.178933,5694547.540568837,418052.06411896425
,POINT (418069.36893668264 5694806.448007144),camp_pitch,51.419055,-116.178744,5694806.448007144,418069.36893668264
,POINT (418196.7215789985 5694268.795486765),camp_pitch,51.414238,-116.176788,5694268.795486765,418196.7215789985
,POINT (417929.7029018864 5694660.034174438),camp_pitch,51.417718,-116.180719,5694660.034174438,417929.7029018864
,POINT (417905.24593270983 5694686.891705058),camp_pitch,51.417956,-116.181077,5694686.891705058,417905.24593270983
,POINT (418073.9836407756 5694609.232464086),camp_pitch,51.417282,-116.178632,5694609.232464086,418073.9836407756
,POINT (418098.2347244149 5694288.390736186),camp_pitch,51.4144,-116.178209,5694288.390736186,418098.2347244149
,POINT (418254.38024524937 5694369.609429226),camp_pitch,51.415153,-116.175982,5694369.609429226,418254.38024524937
,POINT (417975.89280914003 5694583.902798564),camp_pitch,51.41704,-116.180037,5694583.902798564,417975.89280914003
,POINT (417949.7976537083 5694781.019721204),camp_pitch,51.418809,-116.180458,5694781.019721204,417949.7976537083
,POINT (418054.5150144009 5694652.3540750835),camp_pitch,51.417667,-116.178922,5694652.3540750835,418054.5150144009
,POINT (418051.2167552786 5694365.201313298),camp_pitch,51.415084,-116.178903,5694365.201313298,418051.2167552786
,POINT (418232.7099217298 5694422.995150581),camp_pitch,51.41563,-116.176306,5694422.995150581,418232.7099217298
,POINT (417984.28465700813 5694466.016585765),camp_pitch,51.415981,-116.179889,5694466.016585765,417984.28465700813
,POINT (417961.5765296317 5694787.167880825),camp_pitch,51.418866,-116.18029,5694787.167880825,417961.5765296317
,POINT (418004.55294815294 5694856.970909087),camp_pitch,51.4195,-116.179688,5694856.970909087,418004.55294815294
,POINT (418112.0803428892 5694340.872570725),camp_pitch,51.414874,-116.178022,5694340.872570725,418112.0803428892
,POINT (418076.7560058149 5694664.894469618),camp_pitch,51.417783,-116.178605,5694664.894469618,418076.7560058149
,POINT (418157.5548375924 5694669.933532462),camp_pitch,51.41784,-116.177444,5694669.933532462,418157.5548375924
,POINT (418224.1950927901 5694381.991276439),camp_pitch,51.41526,-116.176419,5694381.991276439,418224.1950927901
,POINT (418008.24762935756 5694438.61147957),camp_pitch,51.415738,-116.179538,5694438.61147957,418008.24762935756
,POINT (417995.7670135386 5694751.703396509),camp_pitch,51.418552,-116.17979,5694751.703396509,417995.7670135386
,POINT (418113.52970638586 5694733.797432968),camp_pitch,51.418408,-116.178092,5694733.797432968,418113.52970638586
,POINT (418115.82032505324 5694357.268683629),camp_pitch,51.415022,-116.177972,5694357.268683629,418115.82032505324
,POINT (417930.2259899967 5694761.5430385135),camp_pitch,51.418631,-116.180735,5694761.5430385135,417930.2259899967
,POINT (418169.4381113531 5694596.023154473),camp_pitch,51.417177,-116.177256,5694596.023154473,418169.4381113531
,POINT (418241.3404253338 5694345.579121522),camp_pitch,51.414935,-116.176164,5694345.579121522,418241.3404253338
,POINT (418131.20637347543 5694527.254419808),camp_pitch,51.416553,-116.17779,5694527.254419808,418131.20637347543
,POINT (418199.66957353614 5694495.688342853),camp_pitch,51.416279,-116.176798,5694495.688342853,418199.66957353614
,POINT (418234.602384382 5694506.246595969),camp_pitch,51.416379,-116.176298,5694506.246595969,418234.602384382
,POINT (418148.82370985753 5694766.920986699),camp_pitch,51.418711,-116.177592,5694766.920986699,418148.82370985753
,POINT (418074.3985647072 5694457.783941215),camp_pitch,51.41592,-116.178591,5694457.783941215,418074.3985647072
,POINT (417891.05477332545 5694755.391661869),camp_pitch,51.41857,-116.181297,5694755.391661869,417891.05477332545
,POINT (417901.82466339204 5694651.47694462),camp_pitch,51.417637,-116.181118,5694651.47694462,417901.82466339204
,POINT (418195.7414432758 5694701.343076259),camp_pitch,51.418128,-116.176902,5694701.343076259,418195.7414432758
,POINT (417995.4207822593 5694527.214644747),camp_pitch,51.416533,-116.179743,5694527.214644747,417995.4207822593
,POINT (418277.05582678335 5694474.20959665),camp_pitch,51.416097,-116.17568,5694474.20959665,418277.05582678335
,POINT (418052.3558431127 5694829.2934291335),camp_pitch,51.419258,-116.178994,5694829.2934291335,418052.3558431127
,POINT (417988.3106760771 5694651.306898768),camp_pitch,51.417648,-116.179874,5694651.306898768,417988.3106760771
,POINT (418133.99586672755 5694389.333075398),camp_pitch,51.415313,-116.177718,5694389.333075398,418133.99586672755
,POINT (417934.0015612965 5694840.538948583),camp_pitch,51.419342,-116.180699,5694840.538948583,417934.0015612965
,POINT (418235.1922018223 5694599.3037423855),camp_pitch,51.417216,-116.176311,5694599.3037423855,418235.1922018223
,POINT (418047.98805176816 5694579.406711826),camp_pitch,51.41701,-116.178999,5694579.406711826,418047.98805176816
,POINT (418123.4890422657 5694246.065903134),camp_pitch,51.414023,-116.177836,5694246.065903134,418123.4890422657
,POINT (418170.1495782257 5694246.428132091),camp_pitch,51.414033,-116.177165,5694246.428132091,418170.1495782257
,POINT (417955.32794335345 5694615.033843945),camp_pitch,51.417317,-116.18034,5694615.033843945,417955.32794335345
,POINT (417980.27567619097 5694743.8358794805),camp_pitch,51.418479,-116.180011,5694743.8358794805,417980.27567619097
,POINT (417999.14421992353 5694723.962502824),camp_pitch,51.418303,-116.179735,5694723.962502824,417999.14421992353
,POINT (418081.4347738223 5694337.584772764),camp_pitch,51.41484,-116.178462,5694337.584772764,418081.4347738223
,POINT (418273.28008118144 5694381.870737104),camp_pitch,51.415266,-116.175713,5694381.870737104,418273.28008118144
,POINT (417981.6589734964 5694566.352992606),camp_pitch,51.416883,-116.17995,5694566.352992606,417981.6589734964
,POINT (417952.3971670838 5694748.176534076),camp_pitch,51.418514,-116.180413,5694748.176534076,417952.3971670838
,POINT (418022.7992548214 5694634.295511256),camp_pitch,51.4175,-116.179374,5694634.295511256,418022.7992548214
,POINT (418031.3542974112 5694392.540219925),camp_pitch,51.415327,-116.179195,5694392.540219925,418031.3542974112
,POINT (418059.337934932 5694723.105045305),camp_pitch,51.418304,-116.178869,5694723.105045305,418059.337934932
,POINT (417926.5593319791 5694797.183209012),camp_pitch,51.418951,-116.180796,5694797.183209012,417926.5593319791
,POINT (418235.3725754699 5694307.314124334),camp_pitch,51.41459,-116.176241,5694307.314124334,418235.3725754699
,POINT (418057.756796816 5694482.180000434),camp_pitch,51.416137,-116.178836,5694482.180000434,418057.756796816
,POINT (418016.55937004474 5694829.758264696),camp_pitch,51.419257,-116.179509,5694829.758264696,418016.55937004474
,POINT (418115.96853011806 5694453.0015272815),camp_pitch,51.415883,-116.177992,5694453.0015272815,418115.96853011806
,POINT (417905.0461815179 5694790.969625024),camp_pitch,51.418892,-116.181104,5694790.969625024,417905.0461815179
,POINT (418069.69317556766 5694632.095583429),camp_pitch,51.417487,-116.178699,5694632.095583429,418069.69317556766
,POINT (418137.42398546194 5694697.832321618),camp_pitch,51.418088,-116.17774,5694697.832321618,418137.42398546194
,POINT (418252.30128946103 5694309.377457328),camp_pitch,51.414611,-116.175998,5694309.377457328,418252.30128946103
,POINT (418117.8416370363 5694582.508652502),camp_pitch,51.417048,-116.177995,5694582.508652502,418117.8416370363
,POINT (418208.6047933672 5694445.953821895),camp_pitch,51.415833,-116.176658,5694445.953821895,418208.6047933672
,POINT (418015.6285755333 5694793.52502272),camp_pitch,51.418931,-116.179514,5694793.52502272,418015.6285755333
,POINT (418113.4665028962 5694755.814227662),camp_pitch,51.418606,-116.178098,5694755.814227662,418113.4665028962
,POINT (418027.7292379938 5694426.5117394915),camp_pitch,51.415632,-116.179255,5694426.5117394915,418027.7292379938
,POINT (417913.00446789834 5694758.484810091),camp_pitch,51.418601,-116.180982,5694758.484810091,417913.00446789834
,POINT (418132.24144719203 5694323.425171887),camp_pitch,51.41472,-116.177728,5694323.425171887,418132.24144719203
,POINT (418147.75466576003 5694626.837791215),camp_pitch,51.417451,-116.177575,5694626.837791215,418147.75466576003
,POINT (418274.39194583474 5694347.161420248),camp_pitch,51.414954,-116.175689,5694347.161420248,418274.39194583474
,POINT (418116.0156734099 5694516.490689363),camp_pitch,51.416454,-116.178006,5694516.490689363,418116.0156734099
,POINT (418262.46786749875 5694318.999108071),camp_pitch,51.414699,-116.175854,5694318.999108071,418262.46786749875
,POINT (418240.85773628333 5694480.12757689),camp_pitch,51.416145,-116.176202,5694480.12757689,418240.85773628333
,POINT (418106.5600417302 5694784.612488299),camp_pitch,51.418864,-116.178204,5694784.612488299,418106.5600417302
,POINT (418154.68530558853 5694344.190784457),camp_pitch,51.41491,-116.17741,5694344.190784457,418154.68530558853
,POINT (417929.34050778666 5694831.718773357),camp_pitch,51.419262,-116.180764,5694831.718773357,417929.34050778666
,POINT (417914.22909777827 5694653.2784758415),camp_pitch,51.417655,-116.18094,5694653.2784758415,417914.22909777827
,POINT (418209.73293585144 5694676.434057269),camp_pitch,51.417906,-116.176695,5694676.434057269,418209.73293585144
,POINT (418023.37363724725 5694553.339346778),camp_pitch,51.416772,-116.179347,5694553.339346778,418023.37363724725
,POINT (418231.6693197914 5694631.04964223),camp_pitch,51.417501,-116.176369,5694631.04964223,418231.6693197914
,POINT (418077.85138541315 5694828.104979867),camp_pitch,51.419251,-116.178627,5694828.104979867,418077.85138541315
,POINT (418189.79434464814 5694300.707254712),camp_pitch,51.414524,-116.176895,5694300.707254712,418189.79434464814
,POINT (417952.87870589225 5694657.214633351),camp_pitch,51.417696,-116.180385,5694657.214633351,417952.87870589225
,POINT (418186.6454778597 5694589.520083319),camp_pitch,51.417121,-116.177007,5694589.520083319,418186.6454778597
,POINT (418063.97973671445 5694605.390495837),camp_pitch,51.417246,-116.178775,5694605.390495837,418063.97973671445
,POINT (418109.7908229795 5694271.9711239),camp_pitch,51.414254,-116.178039,5694271.9711239,418109.7908229795
,POINT (418246.0322252126 5694395.317241583),camp_pitch,51.415383,-116.176108,5694395.317241583,418246.0322252126
,POINT (417947.5161264774 5694587.584332241),camp_pitch,51.417069,-116.180446,5694587.584332241,417947.5161264774
,POINT (417949.895333898 5694800.031792209),camp_pitch,51.41898,-116.180461,5694800.031792209,417949.895333898
,POINT (418049.08874574443 5694695.361028133),camp_pitch,51.418053,-116.17901,5694695.361028133,418049.08874574443
,POINT (418073.3501387648 5694375.297254515),camp_pitch,51.415178,-116.178587,5694375.297254515,418073.3501387648
,POINT (418186.21411088156 5694320.223118308),camp_pitch,51.414699,-116.176951,5694320.223118308,418186.21411088156
,POINT (417959.4697770805 5694539.802115926),camp_pitch,51.416641,-116.180263,5694539.802115926,417959.4697770805
,POINT (417978.3623842983 5694780.4484875705),camp_pitch,51.418808,-116.180047,5694780.4484875705,417978.3623842983
,POINT (417988.73201898334 5694871.791621729),camp_pitch,51.419631,-116.179919,5694871.791621729,417988.73201898334
,POINT (418120.41886091314 5694314.6087250225),camp_pitch,51.414639,-116.177896,5694314.6087250225,418120.41886091314
,POINT (418079.6564706586 5694680.970490667),camp_pitch,51.417928,-116.178567,5694680.970490667,418079.6564706586
,POINT (418135.60494016774 5694666.83932861),camp_pitch,51.417809,-116.177759,5694666.83932861,418135.60494016774
,POINT (418216.43287414656 5694370.552052392),camp_pitch,51.415156,-116.176528,5694370.552052392,418216.43287414656
,POINT (418029.6895221182 5694453.277178419),camp_pitch,51.415873,-116.179233,5694453.277178419,418029.6895221182
,POINT (418014.2801818196 5694804.777003244),camp_pitch,51.419032,-116.179536,5694804.777003244,418014.2801818196
,POINT (418121.09292027954 5694369.526109175),camp_pitch,51.415133,-116.177899,5694369.526109175,418121.09292027954
,POINT (417879.3901101297 5694812.398275048),camp_pitch,51.419081,-116.181478,5694812.398275048,417879.3901101297
,POINT (418125.99638908845 5694739.490149686),camp_pitch,51.418461,-116.177914,5694739.490149686,418125.99638908845
,POINT (418162.5573170921 5694717.331617691),camp_pitch,51.418267,-116.177383,5694717.331617691,418162.5573170921
,POINT (418217.9881910048 5694337.503454908),camp_pitch,51.414859,-116.176498,5694337.503454908,418217.9881910048
,POINT (418127.881872518 5694558.330070532),camp_pitch,51.416832,-116.177845,5694558.330070532,418127.881872518
,POINT (418191.3423514627 5694479.365839359),camp_pitch,51.416131,-116.176914,5694479.365839359,418191.3423514627
,POINT (418218.7150674502 5694499.718991586),camp_pitch,51.416318,-116.176525,5694499.718991586,418218.7150674502
,POINT (418086.6470552512 5694769.8107228875),camp_pitch,51.418728,-116.178487,5694769.8107228875,418086.6470552512
,POINT (417880.0174836975 5694652.940362934),camp_pitch,51.417647,-116.181432,5694652.940362934,417880.0174836975
,POINT (418071.5847352129 5694429.8091196),camp_pitch,51.415668,-116.178625,5694429.8091196,418071.5847352129
,POINT (417899.1897322441 5694746.810026793),camp_pitch,51.418494,-116.181178,5694746.810026793,417899.1897322441
,POINT (418185.2517758727 5694714.8544351235),camp_pitch,51.418248,-116.177056,5694714.8544351235,418185.2517758727
,POINT (418269.57600252226 5694337.342713571),camp_pitch,51.414865,-116.175756,5694337.342713571,418269.57600252226
,POINT (418085.8142096688 5694497.517854216),camp_pitch,51.416279,-116.178436,5694497.517854216,418085.8142096688
,POINT (418266.8988284406 5694495.498774584),camp_pitch,51.416287,-116.175831,5694495.498774584,418266.8988284406
,POINT (418052.5653293673 5694846.6358319465),camp_pitch,51.419414,-116.178995,5694846.6358319465,418052.5653293673
,POINT (418141.2882092976 5694414.789759824),camp_pitch,51.415543,-116.177619,5694414.789759824,418141.2882092976
,POINT (417939.0460273181 5694830.005730998),camp_pitch,51.419248,-116.180624,5694830.005730998,417939.0460273181
,POINT (417936.2076508752 5694701.292389522),camp_pitch,51.41809,-116.180635,5694701.292389522,417936.2076508752
,POINT (418241.04717595305 5694617.556232996),camp_pitch,51.417381,-116.176231,5694617.556232996,418241.04717595305
,POINT (418040.3041627728 5694568.522443763),camp_pitch,51.416911,-116.179107,5694568.522443763,418040.3041627728
,POINT (418089.87971941405 5694802.226459026),camp_pitch,51.41902,-116.178448,5694802.226459026,418089.87971941405
,POINT (418192.41489585873 5694247.404841871),camp_pitch,51.414045,-116.176845,5694247.404841871,418192.41489585873
,POINT (417944.5803818314 5694629.772961658),camp_pitch,51.417448,-116.180498,5694629.772961658,417944.5803818314
,POINT (417927.0181846648 5694696.21447087),camp_pitch,51.418043,-116.180766,5694696.21447087,417927.0181846648
,POINT (417985.1726878928 5694711.178105267),camp_pitch,51.418186,-116.179933,5694711.178105267,417985.1726878928
,POINT (418088.9650427633 5694295.655974597),camp_pitch,51.414464,-116.178344,5694295.655974597,418088.9650427633
,POINT (418262.7983883151 5694391.601296647),camp_pitch,51.415352,-116.175866,5694391.601296647,418262.7983883151
,POINT (417973.2100182187 5694499.329764485),camp_pitch,51.416279,-116.180056,5694499.329764485,417973.2100182187
,POINT (417956.1678607152 5694766.462296856),camp_pitch,51.418679,-116.180363,5694766.462296856,417956.1678607152
,POINT (418040.1969515212 5694626.676965781),camp_pitch,51.417434,-116.179122,5694626.676965781,418040.1969515212
,POINT (418044.51582722645 5694376.539377036),camp_pitch,51.415185,-116.179002,5694376.539377036,418044.51582722645
,POINT (418017.4848693693 5694666.959954246),camp_pitch,51.417793,-116.179458,5694666.959954246,418017.4848693693
,POINT (418218.546166186 5694432.896097881),camp_pitch,51.415717,-116.176512,5694432.896097881,418218.546166186
,POINT (418065.36925348116 5694488.617813312),camp_pitch,51.416196,-116.178728,5694488.617813312,418065.36925348116
,POINT (417957.19006507786 5694804.028356106),camp_pitch,51.419017,-116.180357,5694804.028356106,417957.19006507786
,POINT (418009.2288287749 5694849.445851216),camp_pitch,51.419433,-116.179619,5694849.445851216,418009.2288287749
,POINT (418078.7583217403 5694646.738166436),camp_pitch,51.41762,-116.178572,5694646.738166436,418078.7583217403
,POINT (418103.3555401132 5694459.875726397),camp_pitch,51.415943,-116.178175,5694459.875726397,418103.3555401132
,POINT (417880.0631092611 5694785.145643508),camp_pitch,51.418836,-116.181462,5694785.145643508,417880.0631092611
,POINT (418135.7430006509 5694688.408120462),camp_pitch,51.418003,-116.177762,5694688.408120462,418135.7430006509
,POINT (418234.3544496577 5694391.168223086),camp_pitch,51.415344,-116.176275,5694391.168223086,418234.3544496577
,POINT (418095.6232317932 5694601.657083514),camp_pitch,51.417217,-116.178319,5694601.657083514,418095.6232317932
,POINT (418229.9301562175 5694457.731260569),camp_pitch,51.415942,-116.176354,5694457.731260569,418229.9301562175
,POINT (418028.09082159924 5694755.7419462325),camp_pitch,51.418593,-116.179326,5694755.7419462325,418028.09082159924
,POINT (418098.24268626206 5694349.434320597),camp_pitch,51.414949,-116.178223,5694349.434320597,418098.24268626206
,POINT (417937.70937011106 5694738.405956275),camp_pitch,51.418424,-116.180622,5694738.405956275,417937.70937011106
,POINT (418102.88145531673 5694741.751978534),camp_pitch,51.418478,-116.178247,5694741.751978534,418102.88145531673
,POINT (418156.759625802 5694607.457103342),camp_pitch,51.417278,-116.177441,5694607.457103342,418156.759625802
,POINT (418254.39886481734 5694431.431136591),camp_pitch,51.415709,-116.175996,5694431.431136591,418254.39886481734
,POINT (418099.0633253693 5694530.2172941035),camp_pitch,51.416575,-116.178253,5694530.2172941035,418099.0633253693
,POINT (418224.6674133739 5694476.384582593),camp_pitch,51.416109,-116.176434,5694476.384582593,418224.6674133739
,POINT (418273.2396271288 5694440.024095857),camp_pitch,51.415789,-116.175727,5694440.024095857,418273.2396271288
,POINT (418120.7886959617 5694778.824209322),camp_pitch,51.418814,-116.177998,5694778.824209322,418120.7886959617
,POINT (417896.7936229644 5694632.655577338),camp_pitch,51.417467,-116.181186,5694632.655577338,417896.7936229644
,POINT (418137.8709787923 5694349.242145235),camp_pitch,51.414953,-116.177653,5694349.242145235,418137.8709787923
,POINT (417911.40519801766 5694836.121849544),camp_pitch,51.419299,-116.181023,5694836.121849544,417911.40519801766
,POINT (418210.48175165 5694688.430633287),camp_pitch,51.418014,-116.176687,5694688.430633287,418210.48175165
,POINT (418006.01164806244 5694537.273721883),camp_pitch,51.416625,-116.179593,5694537.273721883,418006.01164806244
,POINT (418220.56107790093 5694649.352051081),camp_pitch,51.417664,-116.176533,5694649.352051081,418220.56107790093
,POINT (418059.3589663544 5694815.170719719),camp_pitch,51.419132,-116.17889,5694815.170719719,418059.3589663544
,POINT (418164.31897492957 5694290.3309172485),camp_pitch,51.414427,-116.177259,5694290.3309172485,418164.31897492957
,POINT (417933.4322355868 5694852.66793188),camp_pitch,51.419451,-116.18071,5694852.66793188,417933.4322355868
,POINT (417978.29515453614 5694659.696280788),camp_pitch,51.417722,-116.18002,5694659.696280788,417978.29515453614
,POINT (418207.2249485515 5694585.186740473),camp_pitch,51.417085,-116.17671,5694585.186740473,418207.2249485515
,POINT (418068.4604069502 5694572.739523263),camp_pitch,51.416953,-116.178703,5694572.739523263,418068.4604069502
,POINT (418424.0371122205 5694387.460166252),camp_pitch,51.415338,-116.173546,5694387.460166252,418424.0371122205
,POINT (418912.2455341255 5693412.088843142),camp_pitch,51.406636,-116.166301,5693412.088843142,418912.2455341255
,POINT (418737.2844173898 5693665.276248061),camp_pitch,51.408888,-116.168875,5693665.276248061,418737.2844173898
,POINT (418490.9912437588 5693800.637086285),camp_pitch,51.41007,-116.172448,5693800.637086285,418490.9912437588
,POINT (418574.3948723711 5693872.133273215),camp_pitch,51.410725,-116.171265,5693872.133273215,418574.3948723711
,POINT (418673.61817080696 5693527.748898444),camp_pitch,51.407642,-116.169759,5693527.748898444,418673.61817080696
,POINT (418656.934252025 5693780.75073317),camp_pitch,51.409915,-116.170057,5693780.75073317,418656.934252025
,POINT (418462.60873726086 5694429.873405987),camp_pitch,51.415725,-116.173001,5694429.873405987,418462.60873726086
,POINT (418434.8365288329 5694293.33123678),camp_pitch,51.414493,-116.173369,5694293.33123678,418434.8365288329
,POINT (418848.26817049365 5693490.7179861795),camp_pitch,51.407334,-116.167239,5693490.7179861795,418848.26817049365
,POINT (418692.8616463038 5693727.0283506345),camp_pitch,51.409437,-116.169528,5693727.0283506345,418692.8616463038
,POINT (418531.8965956023 5693797.425516889),camp_pitch,51.410047,-116.171859,5693797.425516889,418531.8965956023
,POINT (418720.75119694055 5693622.731694188),camp_pitch,51.408503,-116.169103,5693622.731694188,418720.75119694055
,POINT (418640.61006886873 5693520.4924805155),camp_pitch,51.407572,-116.170232,5693520.4924805155,418640.61006886873
,POINT (418481.71432240907 5694229.091144868),camp_pitch,51.413922,-116.17268,5694229.091144868,418481.71432240907
,POINT (418453.8272757772 5694502.399018574),camp_pitch,51.416376,-116.173144,5694502.399018574,418453.8272757772
,POINT (418833.740810797 5693464.930858555),camp_pitch,51.4071,-116.167442,5693464.930858555,418833.740810797
,POINT (418772.78533868096 5693615.230560536),camp_pitch,51.408443,-116.168353,5693615.230560536,418772.78533868096
,POINT (418570.07631117763 5693732.435993273),camp_pitch,51.409468,-116.171295,5693732.435993273,418570.07631117763
,POINT (418677.337318574 5693682.355214986),camp_pitch,51.409033,-116.169741,5693682.355214986,418677.337318574
,POINT (418619.7980384525 5693601.993726002),camp_pitch,51.408302,-116.17055,5693601.993726002,418619.7980384525
,POINT (418487.89341527637 5694137.260126979),camp_pitch,51.413097,-116.17257,5694137.260126979,418487.89341527637
,POINT (418446.27661240293 5694187.0723336395),camp_pitch,51.413539,-116.17318,5694187.0723336395,418446.27661240293
,POINT (418771.38027591887 5693544.535980754),camp_pitch,51.407807,-116.168357,5693544.535980754,418771.38027591887
,POINT (418866.1444022313 5693412.377859052),camp_pitch,51.406632,-116.166964,5693412.377859052,418866.1444022313
,POINT (418571.4597731186 5693631.897809785),camp_pitch,51.408564,-116.171252,5693631.897809785,418571.4597731186
,POINT (418637.32587488205 5693737.254813736),camp_pitch,51.409521,-116.170329,5693737.254813736,418637.32587488205
,POINT (418485.51289676054 5694218.800840444),camp_pitch,51.41383,-116.172623,5694218.800840444,418485.51289676054
,POINT (418622.56504342123 5693814.434244987),camp_pitch,51.410213,-116.170559,5693814.434244987,418622.56504342123
,POINT (418883.45870899333 5693447.238303739),camp_pitch,51.406948,-116.166723,5693447.238303739,418883.45870899333
,POINT (418530.0477652912 5693690.489929462),camp_pitch,51.409085,-116.171861,5693690.489929462,418530.0477652912
,POINT (418462.6315366026 5694018.579352147),camp_pitch,51.412026,-116.172906,5694018.579352147,418462.6315366026
,POINT (418489.1226177701 5694105.439985304),camp_pitch,51.412811,-116.172545,5694105.439985304,418489.1226177701
,POINT (418604.74162483565 5693556.201418143),camp_pitch,51.407888,-116.170756,5693556.201418143,418604.74162483565
,POINT (418897.4023349477 5693375.187554782),camp_pitch,51.406302,-116.166506,5693375.187554782,418897.4023349477
,POINT (418424.16475239955 5694334.6426089285),camp_pitch,51.414863,-116.173532,5694334.6426089285,418424.16475239955
,POINT (418463.88905446447 5694344.792153309),camp_pitch,51.41496,-116.172963,5694344.792153309,418463.88905446447
,POINT (418515.25975245575 5693770.227518034),camp_pitch,51.4098,-116.172092,5693770.227518034,418515.25975245575
,POINT (418608.94594267546 5693653.981738695),camp_pitch,51.408768,-116.170718,5693653.981738695,418608.94594267546
,POINT (418656.3683157867 5693497.002142623),camp_pitch,51.407363,-116.17,5693497.002142623,418656.3683157867
,POINT (418617.6021081063 5693764.922618467),camp_pitch,51.409767,-116.170619,5693764.922618467,418617.6021081063
,POINT (418433.4866682666 5694243.761871182),camp_pitch,51.414047,-116.173377,5694243.761871182,418433.4866682666
,POINT (418875.5904740637 5693459.705661058),camp_pitch,51.407059,-116.166839,5693459.705661058,418875.5904740637
,POINT (418716.7887404106 5693683.838353001),camp_pitch,51.409052,-116.169174,5693683.838353001,418716.7887404106
,POINT (418507.0146154371 5694011.197834934),camp_pitch,51.411966,-116.172266,5694011.197834934,418507.0146154371
,POINT (418654.21998036996 5693549.740625605),camp_pitch,51.407837,-116.170043,5693549.740625605,418654.21998036996
,POINT (418632.885036424 5693798.813977673),camp_pitch,51.410074,-116.170407,5693798.813977673,418632.885036424
,POINT (418468.36927801196 5694303.246384705),camp_pitch,51.414587,-116.172889,5694303.246384705,418468.36927801196
,POINT (418458.8455051697 5694459.732707578),camp_pitch,51.415993,-116.173062,5694459.732707578,418458.8455051697
,POINT (418816.58130780095 5693548.930404431),camp_pitch,51.407853,-116.167708,5693548.930404431,418816.58130780095
,POINT (418737.9822037974 5693595.660027108),camp_pitch,51.408262,-116.168849,5693595.660027108,418737.9822037974
,POINT (418520.8544839382 5693824.3989649),camp_pitch,51.410288,-116.172024,5693824.3989649,418520.8544839382
,POINT (418703.479586803 5693647.246697113),camp_pitch,51.408721,-116.169357,5693647.246697113,418703.479586803
,POINT (418621.4646476995 5693549.596478177),camp_pitch,51.407831,-116.170514,5693549.596478177,418621.4646476995
,POINT (418476.31820799597 5694256.863925382),camp_pitch,51.414171,-116.172764,5694256.863925382,418476.31820799597
,POINT (418444.95001143997 5694138.948079945),camp_pitch,51.413106,-116.173188,5694138.948079945,418444.95001143997
,POINT (418815.9584213494 5693488.008109555),camp_pitch,51.407305,-116.167703,5693488.008109555,418815.9584213494
,POINT (418797.16524884175 5693513.102957991),camp_pitch,51.407528,-116.167979,5693513.102957991,418797.16524884175
,POINT (418835.4151575265 5693526.3923511645),camp_pitch,51.407653,-116.167432,5693526.3923511645,418835.4151575265
,POINT (418555.049729779 5693762.475173104),camp_pitch,51.409736,-116.171518,5693762.475173104,418555.049729779
,POINT (418669.46286926063 5693694.378255722),camp_pitch,51.40914,-116.169857,5693694.378255722,418669.46286926063
,POINT (418483.55585513846 5694166.016670643),camp_pitch,51.413355,-116.172639,5694166.016670643,418483.55585513846
,POINT (418436.6618308308 5694211.910546978),camp_pitch,51.413761,-116.173324,5694211.910546978,418436.6618308308
,POINT (418752.1008892685 5693569.638759289),camp_pitch,51.40803,-116.16864,5693569.638759289,418752.1008892685
,POINT (418849.9230486518 5693437.431550176),camp_pitch,51.406855,-116.167203,5693437.431550176,418849.9230486518
,POINT (418560.8717205194 5693656.8624667935),camp_pitch,51.408787,-116.17141,5693656.8624667935,418560.8717205194
,POINT (418477.02845691564 5693962.308981033),camp_pitch,51.411522,-116.172686,5693962.308981033,418477.02845691564
,POINT (418498.15751823084 5694061.708785143),camp_pitch,51.412419,-116.172405,5694061.708785143,418498.15751823084
,POINT (418602.15918615286 5693838.554925147),camp_pitch,51.410427,-116.170858,5693838.554925147,418602.15918615286
,POINT (418931.391543228 5693326.056667705),camp_pitch,51.405865,-116.166006,5693326.056667705,418931.391543228
,POINT (418562.8261565707 5693709.535458105),camp_pitch,51.409261,-116.171394,5693709.535458105,418562.8261565707
,POINT (418459.9995741231 5694053.980044603),camp_pitch,51.412344,-116.172952,5694053.980044603,418459.9995741231
,POINT (418521.51521437883 5693717.868003086),camp_pitch,51.40933,-116.17199,5693717.868003086,418521.51521437883
,POINT (418588.87343747425 5693577.136307934),camp_pitch,51.408074,-116.170989,5693577.136307934,418588.87343747425
,POINT (418970.7890322994 5693323.984616123),camp_pitch,51.405852,-116.165439,5693323.984616123,418970.7890322994
,POINT (418422.44059699477 5694365.914763103),camp_pitch,51.415144,-116.173564,5694365.914763103,418422.44059699477
,POINT (418919.5736644815 5693400.630851864),camp_pitch,51.406534,-116.166193,5693400.630851864,418919.5736644815
,POINT (418463.8132167748 5694379.151241528),camp_pitch,51.415269,-116.172972,5694379.151241528,418463.8132167748
,POINT (418504.3440753361 5693800.757072465),camp_pitch,51.410073,-116.172256,5693800.757072465,418504.3440753361
,POINT (418517.6330737262 5693875.15330618),camp_pitch,51.410744,-116.172082,5693875.15330618,418517.6330737262
,POINT (418690.78723039746 5693518.579696631),camp_pitch,51.407562,-116.16951,5693518.579696631,418690.78723039746
,POINT (418664.47304257 5693773.847779448),camp_pitch,51.409854,-116.169947,5693773.847779448,418664.47304257
,POINT (418461.5327659098 5694410.432282475),camp_pitch,51.41555,-116.173012,5694410.432282475,418461.5327659098
,POINT (418431.1974083162 5694274.487110456),camp_pitch,51.414323,-116.173417,5694274.487110456,418431.1974083162
,POINT (418859.9342650606 5693485.306278801),camp_pitch,51.407287,-116.16707,5693485.306278801,418859.9342650606
,POINT (418699.6188132129 5693710.353180317),camp_pitch,51.409288,-116.169427,5693710.353180317,418699.6188132129
,POINT (418547.19260387635 5693792.955741217),camp_pitch,51.410009,-116.171638,5693792.955741217,418547.19260387635
,POINT (418729.69351543207 5693612.248371998),camp_pitch,51.40841,-116.168972,5693612.248371998,418729.69351543207
,POINT (418639.17439309123 5693504.615192823),camp_pitch,51.407429,-116.170249,5693504.615192823,418639.17439309123
,POINT (418467.07447959745 5694330.9535466265),camp_pitch,51.414836,-116.172914,5694330.9535466265,418467.07447959745
,POINT (418456.65066496446 5694492.013101239),camp_pitch,51.416283,-116.173101,5694492.013101239,418456.65066496446
,POINT (418800.470918793 5693576.539882776),camp_pitch,51.408099,-116.167946,5693576.539882776,418800.470918793
,POINT (418781.0971934588 5693600.087392682),camp_pitch,51.408308,-116.16823,5693600.087392682,418781.0971934588
,POINT (418515.5929292089 5693856.283562267),camp_pitch,51.410574,-116.172107,5693856.283562267,418515.5929292089
,POINT (418686.27057053696 5693671.316003864),camp_pitch,51.408935,-116.16961,5693671.316003864,418686.27057053696
,POINT (418640.21588762524 5693600.333400111),camp_pitch,51.40829,-116.170256,5693600.333400111,418640.21588762524
,POINT (418484.9678225265 5693954.398623138),camp_pitch,51.411452,-116.17257,5693954.398623138,418484.9678225265
,POINT (418447.3678155409 5694172.711290642),camp_pitch,51.41341,-116.173161,5694172.711290642,418447.3678155409
,POINT (418841.7200623222 5693511.837210291),camp_pitch,51.407523,-116.167338,5693511.837210291,418841.7200623222
,POINT (418780.4419715075 5693537.164177942),camp_pitch,51.407742,-116.168225,5693537.164177942,418780.4419715075
,POINT (418874.95240020903 5693397.782916489),camp_pitch,51.406502,-116.166834,5693397.782916489,418874.95240020903
,POINT (418570.3610847333 5693611.011583601),camp_pitch,51.408376,-116.171263,5693611.011583601,418570.3610847333
,POINT (418647.30172900227 5693726.198880736),camp_pitch,51.409423,-116.170183,5693726.198880736,418647.30172900227
,POINT (418483.4229150931 5694196.8185629845),camp_pitch,51.413632,-116.172648,5694196.8185629845,418483.4229150931
,POINT (418593.4912934163 5693800.888681095),camp_pitch,51.410087,-116.170974,5693800.888681095,418593.4912934163
,POINT (418893.93118632666 5693436.7309325775),camp_pitch,51.406855,-116.16657,5693436.7309325775,418893.93118632666
,POINT (418547.24800393113 5693683.321148846),camp_pitch,51.409023,-116.171612,5693683.321148846,418547.24800393113
,POINT (418469.4551270482 5694006.128013797),camp_pitch,51.411915,-116.172805,5694006.128013797,418469.4551270482
,POINT (418496.56805705815 5694097.092778644),camp_pitch,51.412737,-116.172436,5694097.092778644,418496.56805705815
,POINT (418581.21006149653 5693859.126282033),camp_pitch,51.410609,-116.171164,5693859.126282033,418581.21006149653
,POINT (418902.5863882053 5693360.094389936),camp_pitch,51.406167,-116.166428,5693360.094389936,418902.5863882053
,POINT (418445.83398131153 5694076.889632764),camp_pitch,51.412548,-116.173161,5694076.889632764,418445.83398131153
,POINT (418511.64038093423 5693748.269701456),camp_pitch,51.409602,-116.172139,5693748.269701456,418511.64038093423
,POINT (418607.85451135284 5693633.540153165),camp_pitch,51.408584,-116.170729,5693633.540153165,418607.85451135284
,POINT (418954.909769673 5693344.3625267),camp_pitch,51.406033,-116.165672,5693344.3625267,418954.909769673
,POINT (418581.1348861453 5693706.46311795),camp_pitch,51.409236,-116.17113,5693706.46311795,418581.1348861453
,POINT (418415.0630107947 5694395.831977897),camp_pitch,51.415412,-116.173677,5694395.831977897,418415.0630107947
,POINT (418901.6627555697 5693420.0405567195),camp_pitch,51.406706,-116.166455,5693420.0405567195,418901.6627555697
,POINT (418729.6889048276 5693686.07877304),camp_pitch,51.409074,-116.168989,5693686.07877304,418729.6889048276
,POINT (418496.8226323109 5693826.117601355),camp_pitch,51.4103,-116.17237,5693826.117601355,418496.8226323109
,POINT (418513.3837163036 5694000.755255944),camp_pitch,51.411873,-116.172172,5694000.755255944,418513.3837163036
,POINT (418670.5061095547 5693546.256150609),camp_pitch,51.407808,-116.169808,5693546.256150609,418670.5061095547
,POINT (418642.3543060671 5693790.8794492725),camp_pitch,51.410004,-116.170269,5693790.8794492725,418642.3543060671
,POINT (418473.0573164842 5694287.715878757),camp_pitch,51.414448,-116.172818,5694287.715878757,418473.0573164842
,POINT (418458.3914315655 5694444.395679614),camp_pitch,51.415855,-116.173065,5694444.395679614,418458.3914315655
,POINT (418822.7687942395 5693531.374973307),camp_pitch,51.407696,-116.167615,5693531.374973307,418822.7687942395
,POINT (418742.6966156497 5693581.686068009),camp_pitch,51.408137,-116.168778,5693581.686068009,418742.6966156497
,POINT (418537.13964790426 5693820.914052511),camp_pitch,51.410259,-116.171789,5693820.914052511,418537.13964790426
,POINT (418711.4981928793 5693639.891405074),camp_pitch,51.408656,-116.16924,5693639.891405074,418711.4981928793
,POINT (418622.467795138 5693529.677395598),camp_pitch,51.407652,-116.170495,5693529.677395598,418622.467795138
,POINT (418484.78117597615 5694246.943743766),camp_pitch,51.414083,-116.17264,5694246.943743766,418484.78117597615
,POINT (418444.964710779 5694122.49165048),camp_pitch,51.412958,-116.173184,5694122.49165048,418444.964710779
,POINT (418825.331173039 5693473.960025923),camp_pitch,51.40718,-116.167565,5693473.960025923,418825.331173039
,POINT (418748.18605448445 5693651.203622482),camp_pitch,51.408763,-116.168715,5693651.203622482,418748.18605448445
,POINT (418554.98488077056 5693741.016468237),camp_pitch,51.409543,-116.171514,5693741.016468237,418554.98488077056
,POINT (418625.0071173194 5693623.370265951),camp_pitch,51.408495,-116.17048,5693623.370265951,418625.0071173194
,POINT (418487.4239989344 5694155.725256904),camp_pitch,51.413263,-116.172581,5694155.725256904,418487.4239989344
,POINT (418439.4693549616 5694200.524167656),camp_pitch,51.413659,-116.173281,5694200.524167656,418439.4693549616
,POINT (418761.5388798008 5693559.703545916),camp_pitch,51.407942,-116.168502,5693559.703545916,418761.5388798008
,POINT (418857.0416465997 5693417.192779682),camp_pitch,51.406674,-116.167096,5693417.192779682,418857.0416465997
,POINT (418559.8031926543 5693637.865994907),camp_pitch,51.408616,-116.171421,5693637.865994907,418559.8031926543
,POINT (418628.9969298144 5693751.2866059365),camp_pitch,51.409646,-116.170452,5693751.2866059365,418628.9969298144
,POINT (418499.6519382272 5694042.115359313),camp_pitch,51.412243,-116.172379,5694042.115359313,418499.6519382272
,POINT (418614.0939574486 5693823.909533442),camp_pitch,51.410297,-116.170683,5693823.909533442,418614.0939574486
,POINT (418919.36622290965 5693335.1431870395),camp_pitch,51.405945,-116.166181,5693335.1431870395,418919.36622290965
,POINT (418534.2552333525 5693714.439780361),camp_pitch,51.409301,-116.171806,5693714.439780361,418534.2552333525
,POINT (418462.0357395314 5694033.488410323),camp_pitch,51.41216,-116.172918,5694033.488410323,418462.0357395314
,POINT (418494.27120093856 5694127.373330254),camp_pitch,51.413009,-116.172476,5694127.373330254,418494.27120093856
,POINT (418605.7244875686 5693574.1985485675),camp_pitch,51.40805,-116.170746,5693574.1985485675,418605.7244875686
,POINT (418978.07677834434 5693309.969988222),camp_pitch,51.405727,-116.165331,5693309.969988222,418978.07677834434
,POINT (418426.22291949985 5694354.623951692),camp_pitch,51.415043,-116.173507,5694354.623951692,418426.22291949985
,POINT (418940.9089178847 5693356.037785551),camp_pitch,51.406136,-116.165876,5693356.037785551,418940.9089178847
,POINT (418460.2846845714 5694362.862708523),camp_pitch,51.415122,-116.173019,5694362.862708523,418460.2846845714
,POINT (418500.607147876 5693775.799001218),camp_pitch,51.409848,-116.172304,5693775.799001218,418500.607147876
,POINT (418580.59062257834 5693685.456839283),camp_pitch,51.409047,-116.171133,5693685.456839283,418580.59062257834
,POINT (418689.2165603396 5693498.590513739),camp_pitch,51.407382,-116.169528,5693498.590513739,418689.2165603396
,POINT (418609.7510162055 5693778.39086144),camp_pitch,51.409887,-116.170735,5693778.39086144,418609.7510162055
,POINT (418468.49112439936 5694402.092813941),camp_pitch,51.415476,-116.17291,5694402.092813941,418468.49112439936
,POINT (418432.9230463474 5694260.671855554),camp_pitch,51.414199,-116.173389,5694260.671855554,418432.9230463474
,POINT (418865.5410259317 5693466.203492038),camp_pitch,51.407116,-116.166985,5693466.203492038,418865.5410259317
,POINT (418712.8633289571 5693708.029260889),camp_pitch,51.409269,-116.169236,5693708.029260889,418712.8633289571
,POINT (418506.5859935912 5694032.219685004),camp_pitch,51.412155,-116.172277,5694032.219685004,418506.5859935912
,POINT (418656.8495711612 5693570.713611323),camp_pitch,51.408026,-116.17001,5693570.713611323,418656.8495711612
,POINT (418654.79750744766 5693477.012969557),camp_pitch,51.407183,-116.170018,5693477.012969557,418654.79750744766
,POINT (418477.1145741319 5694324.010251024),camp_pitch,51.414775,-116.172768,5694324.010251024,418477.1145741319
,POINT (418457.0967556661 5694472.102850813),camp_pitch,51.416104,-116.17309,5694472.102850813,418457.0967556661
,POINT (418807.19278549677 5693561.978049613),camp_pitch,51.407969,-116.167846,5693561.978049613,418807.19278549677
,POINT (418790.9810814334 5693587.587751526),camp_pitch,51.408197,-116.168085,5693587.587751526,418790.9810814334
,POINT (418528.6839344497 5693848.735657774),camp_pitch,51.410508,-116.171917,5693848.735657774,418528.6839344497
,POINT (418693.56587722513 5693657.85675888),camp_pitch,51.408815,-116.169502,5693657.85675888,418693.56587722513
,POINT (418637.5542899217 5693577.359506378),camp_pitch,51.408083,-116.170289,5693577.359506378,418637.5542899217
,POINT (418481.5362329448 5694278.7961490955),camp_pitch,51.414369,-116.172694,5694278.7961490955,418481.5362329448
,POINT (418446.9494231451 5694155.26107854),camp_pitch,51.413253,-116.173163,5694155.26107854,418446.9494231451
,POINT (418805.90733225085 5693494.394897756),camp_pitch,51.407361,-116.167849,5693494.394897756,418805.90733225085
,POINT (418789.1055694488 5693517.901385471),camp_pitch,51.40757,-116.168096,5693517.901385471,418789.1055694488
,POINT (418885.4320439185 5693387.720177281),camp_pitch,51.406413,-116.166681,5693387.720177281,418885.4320439185
,POINT (418541.2670393234 5693765.920015722),camp_pitch,51.409765,-116.171717,5693765.920015722,418541.2670393234
,POINT (418654.0229481976 5693711.636835906),camp_pitch,51.409293,-116.170083,5693711.636835906,418654.0229481976
,POINT (418485.1112309184 5694185.0053578215),camp_pitch,51.413526,-116.172621,5694185.0053578215,418485.1112309184
,POINT (418441.2812571559 5694231.18374443),camp_pitch,51.413935,-116.173262,5694231.18374443,418441.2812571559
,POINT (418600.4827024702 5693794.550326618),camp_pitch,51.410031,-116.170872,5693794.550326618,418600.4827024702
,POINT (418839.87181639153 5693443.81826948),camp_pitch,51.406911,-116.167349,5693443.81826948,418839.87181639153
,POINT (418544.0049746165 5693658.79992027),camp_pitch,51.408802,-116.171653,5693658.79992027,418544.0049746165
,POINT (418465.28845063306 5693984.734931231),camp_pitch,51.411722,-116.17286,5693984.734931231,418465.28845063306
,POINT (418495.92011655215 5694073.975527437),camp_pitch,51.412529,-116.17244,5694073.975527437,418495.92011655215
,POINT (418592.07709440764 5693842.941232197),camp_pitch,51.410465,-116.171004,5693842.941232197,418592.07709440764
,POINT (418910.4460078856 5693347.071268608),camp_pitch,51.406051,-116.166312,5693347.071268608,418910.4460078856
,POINT (418461.4019251921 5694067.745220725),camp_pitch,51.412468,-116.172935,5694067.745220725,418461.4019251921
,POINT (418523.706654134 5693741.850084512),camp_pitch,51.409546,-116.171964,5693741.850084512,418523.706654134
,POINT (418591.9402096858 5693594.988954122),camp_pitch,51.408235,-116.170949,5693594.988954122,418591.9402096858
,POINT (418964.4340143547 5693335.427052468),camp_pitch,51.405954,-116.165533,5693335.427052468,418964.4340143547
,POINT (461994.25240884314 5668583.261474724),camp_pitch,51.187823,-115.544045,5668583.261474724,461994.25240884314
,POINT (461961.25285835343 5668532.702020583),camp_pitch,51.187366,-115.544512,5668532.702020583,461961.25285835343
,POINT (461780.70014435163 5668387.856437165),camp_pitch,51.186051,-115.547081,5668387.856437165,461780.70014435163
,POINT (461954.11813212006 5668757.869873744),camp_pitch,51.189391,-115.544638,5668757.869873744,461954.11813212006
,POINT (462070.10808196344 5668524.671150192),camp_pitch,51.187301,-115.542953,5668524.671150192,462070.10808196344
,POINT (461936.5658460361 5668482.081171431),camp_pitch,51.186909,-115.54486,5668482.081171431,461936.5658460361
,POINT (462184.0438271562 5668665.792423985),camp_pitch,51.188578,-115.541337,5668665.792423985,462184.0438271562
,POINT (462071.6870005588 5668511.430516749),camp_pitch,51.187182,-115.542929,5668511.430516749,462071.6870005588
,POINT (461980.3616980097 5668509.326461372),camp_pitch,51.187157,-115.544236,5668509.326461372,461980.3616980097
,POINT (461936.2735195887 5668546.338377734),camp_pitch,51.187487,-115.544871,5668546.338377734,461936.2735195887
,POINT (461967.5482054835 5668599.800810829),camp_pitch,51.18797,-115.544429,5668599.800810829,461967.5482054835
,POINT (461889.72779862606 5668487.431012864),camp_pitch,51.186954,-115.545531,5668487.431012864,461889.72779862606
,POINT (462159.4410651607 5668550.359054943),camp_pitch,51.187538,-115.541677,5668550.359054943,462159.4410651607
,POINT (462024.1398481479 5668468.092846624),camp_pitch,51.186789,-115.543605,5668468.092846624,462024.1398481479
,POINT (461918.5453003447 5668548.581969236),camp_pitch,51.187506,-115.545125,5668548.581969236,461918.5453003447
,POINT (461961.01145499066 5668811.401759766),camp_pitch,51.189873,-115.544545,5668811.401759766,461961.01145499066
,POINT (461836.1385398266 5668364.543679354),camp_pitch,51.185845,-115.546285,5668364.543679354,461836.1385398266
,POINT (462122.5620214727 5668589.317280871),camp_pitch,51.187886,-115.542209,5668589.317280871,462122.5620214727
,POINT (461993.73320817715 5668475.321307751),camp_pitch,51.186852,-115.544041,5668475.321307751,461993.73320817715
,POINT (461929.4271519175 5668574.625762137),camp_pitch,51.187741,-115.544972,5668574.625762137,461929.4271519175
,POINT (461766.8424367444 5668422.088109574),camp_pitch,51.186358,-115.547283,5668422.088109574,461766.8424367444
,POINT (462036.33600261976 5668615.3001203425),camp_pitch,51.188114,-115.543446,5668615.3001203425,462036.33600261976
,POINT (461864.6325168064 5668419.582507258),camp_pitch,51.186342,-115.545883,5668419.582507258,461864.6325168064
,POINT (462181.743918869 5668571.650193864),camp_pitch,51.187731,-115.54136,5668571.650193864,462181.743918869
,POINT (461946.2619046175 5668678.109504916),camp_pitch,51.188673,-115.544742,5668678.109504916,461946.2619046175
,POINT (462159.76026506757 5668631.620397593),camp_pitch,51.188269,-115.541681,5668631.620397593,462159.76026506757
,POINT (462029.2499483887 5668819.123259284),camp_pitch,51.189947,-115.543569,5668819.123259284,462029.2499483887
,POINT (461820.7515640144 5668437.472991942),camp_pitch,51.1865,-115.546513,5668437.472991942,461820.7515640144
,POINT (461899.3679154531 5668402.5384021625),camp_pitch,51.186191,-115.545384,5668402.5384021625,461899.3679154531
,POINT (461926.6519694379 5668756.294710185),camp_pitch,51.189375,-115.545031,5668756.294710185,461926.6519694379
,POINT (462187.1711401227 5668606.628107183),camp_pitch,51.188046,-115.541286,5668606.628107183,462187.1711401227
,POINT (461871.3846287237 5668764.486440789),camp_pitch,51.189445,-115.545823,5668764.486440789,461871.3846287237
,POINT (436426.1018876833 5677788.001862002),camp_pitch,51.268342,-115.911643,5677788.001862002,436426.1018876833
,POINT (436486.4147604779 5677837.283859363),camp_pitch,51.268792,-115.910787,5677837.283859363,436486.4147604779
,POINT (436646.7154835675 5677640.547209348),camp_pitch,51.2670403,-115.9084537,5677640.547209348,436646.7154835675
,POINT (436416.2889359267 5677851.495428574),camp_pitch,51.268912,-115.911795,5677851.495428574,436416.2889359267
,POINT (436491.8286334684 5677733.931927278),camp_pitch,51.267863,-115.910691,5677733.931927278,436491.8286334684
,POINT (436459.60735770443 5677750.897166982),camp_pitch,51.268012,-115.911156,5677750.897166982,436459.60735770443
,POINT (436438.7895130735 5677776.281821977),camp_pitch,51.268238,-115.911459,5677776.281821977,436438.7895130735
,POINT (436476.23955121794 5677854.753901079),camp_pitch,51.268948,-115.910936,5677854.753901079,436476.23955121794
,POINT (436497.97532707476 5677807.789387692),camp_pitch,51.268528,-115.910616,5677807.789387692,436497.97532707476
,POINT (436558.5917549992 5677757.786106634),camp_pitch,51.268085,-115.909738,5677757.786106634,436558.5917549992
,POINT (436414.85221126146 5677842.507806769),camp_pitch,51.268831,-115.911814,5677842.507806769,436414.85221126146
,POINT (436512.5223048561 5677721.0010233205),camp_pitch,51.267749,-115.910392,5677721.0010233205,436512.5223048561
,POINT (436405.1056396544 5677793.376745102),camp_pitch,51.268388,-115.911945,5677793.376745102,436405.1056396544
,POINT (436442.7494838164 5677864.953115758),camp_pitch,51.269036,-115.911418,5677864.953115758,436442.7494838164
,POINT (436550.9045401283 5677773.4463159675),camp_pitch,51.268225,-115.909851,5677773.4463159675,436550.9045401283
,POINT (436542.011357739 5677697.399270803),camp_pitch,51.26754,-115.909965,5677697.399270803,436542.011357739
,POINT (436413.44657142577 5677830.406801214),camp_pitch,51.268722,-115.911832,5677830.406801214,436413.44657142577
,POINT (436527.61934508197 5677706.694241524),camp_pitch,51.267622,-115.910173,5677706.694241524,436527.61934508197
,POINT (436413.3647102695 5677784.4910953725),camp_pitch,51.268309,-115.911825,5677784.4910953725,436413.3647102695
,POINT (436424.3722091899 5677884.637453321),camp_pitch,51.269211,-115.911685,5677884.637453321,436424.3722091899
,POINT (436574.5200992025 5677693.46111313),camp_pitch,51.2675082,-115.9094982,5677693.46111313,436574.5200992025
,POINT (436413.631301789 5677878.98951757),camp_pitch,51.269159,-115.911838,5677878.98951757,436413.631301789
,POINT (436498.97799185815 5677742.404020716),camp_pitch,51.26794,-115.91059,5677742.404020716,436498.97799185815
,POINT (436464.2565493002 5677765.848583101),camp_pitch,51.268147,-115.911092,5677765.848583101,436464.2565493002
,POINT (436424.1405080737 5677770.460007094),camp_pitch,51.268184,-115.911668,5677770.460007094,436424.1405080737
,POINT (436479.60902635544 5677845.261937585),camp_pitch,51.268863,-115.910886,5677845.261937585,436479.60902635544
,POINT (436538.47630994563 5677783.606360489),camp_pitch,51.268315,-115.910031,5677783.606360489,436538.47630994563
,POINT (436564.56407666474 5677738.811797616),camp_pitch,51.267915,-115.909649,5677738.811797616,436564.56407666474
,POINT (436403.7934736087 5677867.437928027),camp_pitch,51.269054,-115.911977,5677867.437928027,436403.7934736087
,POINT (436511.2736682356 5677732.801416891),camp_pitch,51.267855,-115.910412,5677732.801416891,436511.2736682356
,POINT (436481.0917517007 5677756.745483093),camp_pitch,51.268067,-115.910849,5677756.745483093,436481.0917517007
,POINT (436455.7549486975 5677873.241297955),camp_pitch,51.269112,-115.911233,5677873.241297955,436455.7549486975
,POINT (436468.05987699167 5677864.416715027),camp_pitch,51.269034,-115.911055,5677864.416715027,436468.05987699167
,POINT (463120.91562992777 5669558.215739486),camp_pitch,51.196667,-115.528018,5669558.215739486,463120.91562992777
,POINT (463011.07873055676 5669330.111317003),camp_pitch,51.194608,-115.529567,5669330.111317003,463011.07873055676
,POINT (463636.2868022278 5669504.181284714),camp_pitch,51.196214,-115.520634,5669504.181284714,463636.2868022278
,POINT (463369.35312250187 5669086.75411509),camp_pitch,51.192442,-115.524413,5669086.75411509,463369.35312250187
,POINT (463601.5810100273 5669584.245536118),camp_pitch,51.196932,-115.521139,5669584.245536118,463601.5810100273
,POINT (463501.7966294527 5668919.726816591),camp_pitch,51.190948,-115.5225,5668919.726816591,463501.7966294527
,POINT (463424.34365431854 5669716.571651714),camp_pitch,51.198111,-115.52369,5669716.571651714,463424.34365431854
,POINT (463366.51931263495 5669590.363843486),camp_pitch,51.196972,-115.524505,5669590.363843486,463366.51931263495
,POINT (463245.54844154534 5669571.440444371),camp_pitch,51.196794,-115.526235,5669571.440444371,463245.54844154534
,POINT (463130.51665458793 5669455.650126178),camp_pitch,51.195745,-115.52787,5669455.650126178,463130.51665458793
,POINT (463030.10581145814 5669304.850392813),camp_pitch,51.194382,-115.529292,5669304.850392813,463030.10581145814
,POINT (463399.0391161154 5669115.890715165),camp_pitch,51.192706,-115.523991,5669115.890715165,463399.0391161154
,POINT (463850.218308817 5669025.98442383),camp_pitch,51.191926,-115.517523,5669025.98442383,463850.218308817
,POINT (463423.97388987395 5668909.497186796),camp_pitch,51.190851,-115.523613,5668909.497186796,463423.97388987395
,POINT (463530.9554546757 5669464.796747278),camp_pitch,51.195853,-115.522138,5669464.796747278,463530.9554546757
,POINT (463488.8793189755 5669706.551931754),camp_pitch,51.198025,-115.522765,5669706.551931754,463488.8793189755
,POINT (463253.25133898115 5669388.736756207),camp_pitch,51.195151,-115.526106,5669388.736756207,463253.25133898115
,POINT (463177.9156666054 5669305.567109225),camp_pitch,51.194398,-115.527176,5669305.567109225,463177.9156666054
,POINT (463073.3272702699 5669292.866808433),camp_pitch,51.194277,-115.528672,5669292.866808433,463073.3272702699
,POINT (463438.32759815955 5668992.65950317),camp_pitch,51.1916,-115.523416,5668992.65950317,463438.32759815955
,POINT (463469.48769972497 5669052.245932338),camp_pitch,51.192138,-115.522976,5669052.245932338,463469.48769972497
,POINT (463557.2898254212 5669474.837213123),camp_pitch,51.195945,-115.521762,5669474.837213123,463557.2898254212
,POINT (463504.5536415864 5668845.669637163),camp_pitch,51.190282,-115.522453,5668845.669637163,463504.5536415864
,POINT (463509.30037609854 5669651.267592746),camp_pitch,51.197529,-115.522467,5669651.267592746,463509.30037609854
,POINT (463325.3341889227 5669349.312762866),camp_pitch,51.194801,-115.52507,5669349.312762866,463325.3341889227
,POINT (463256.58690390625 5669415.61547258),camp_pitch,51.195393,-115.526061,5669415.61547258,463256.58690390625
,POINT (463058.0535107722 5669364.124012826),camp_pitch,51.194917,-115.528898,5669364.124012826,463058.0535107722
,POINT (463714.6179558196 5669241.71635864),camp_pitch,51.193858,-115.519486,5669241.71635864,463714.6179558196
,POINT (463799.64698801737 5669294.032028028),camp_pitch,51.194334,-115.518274,5669294.032028028,463799.64698801737
,POINT (463732.8526399455 5668975.118979152),camp_pitch,51.191461,-115.519198,5668975.118979152,463732.8526399455
,POINT (463588.85099213605 5669443.819893594),camp_pitch,51.195668,-115.521307,5669443.819893594,463588.85099213605
,POINT (463572.8403669617 5668959.1315941075),camp_pitch,51.191307,-115.521487,5668959.1315941075,463572.8403669617
,POINT (463460.7181328555 5669665.397869143),camp_pitch,51.197653,-115.523164,5669665.397869143,463460.7181328555
,POINT (463768.0004927393 5669006.331306398),camp_pitch,51.191744,-115.518698,5669006.331306398,463768.0004927393
,POINT (463359.80007895024 5669412.209971832),camp_pitch,51.195369,-115.524583,5669412.209971832,463359.80007895024
,POINT (463310.66164400586 5669358.53332036),camp_pitch,51.194883,-115.525281,5669358.53332036,463310.66164400586
,POINT (463046.05689317896 5669483.048662922),camp_pitch,51.195986,-115.529082,5669483.048662922,463046.05689317896
,POINT (463016.18226745905 5669495.603362447),camp_pitch,51.196097,-115.529511,5669495.603362447,463016.18226745905
,POINT (463738.68198093073 5669365.387053071),camp_pitch,51.194972,-115.519154,5669365.387053071,463738.68198093073
,POINT (463679.57665944146 5669284.652414832),camp_pitch,51.194242,-115.519992,5669284.652414832,463679.57665944146
,POINT (463634.4500645686 5669343.445926909),camp_pitch,51.194768,-115.520644,5669343.445926909,463634.4500645686
,POINT (463322.24057752016 5669013.942065161),camp_pitch,51.191784,-115.52508,5669013.942065161,463322.24057752016
,POINT (463418.91722901096 5669729.3945958065),camp_pitch,51.198226,-115.523769,5669729.3945958065,463418.91722901096
,POINT (463768.8550061554 5669038.341520188),camp_pitch,51.192032,-115.518689,5669038.341520188,463768.8550061554
,POINT (463373.2777421624 5669441.128588463),camp_pitch,51.19563,-115.524393,5669441.128588463,463373.2777421624
,POINT (463517.3225524267 5668951.743930963),camp_pitch,51.191237,-115.522281,5668951.743930963,463517.3225524267
,POINT (463249.96305020223 5669534.389993494),camp_pitch,51.196461,-115.526168,5669534.389993494,463249.96305020223
,POINT (463209.2100199255 5669578.704241668),camp_pitch,51.196857,-115.526756,5669578.704241668,463209.2100199255
,POINT (463077.79676206043 5669516.170678303),camp_pitch,51.196286,-115.528631,5669516.170678303,463077.79676206043
,POINT (463036.1662266855 5669516.025510987),camp_pitch,51.196282,-115.529227,5669516.025510987,463036.1662266855
,POINT (463748.280770721 5669379.4375645155),camp_pitch,51.195099,-115.519018,5669379.4375645155,463748.280770721
,POINT (463594.8002653397 5669544.05091795),camp_pitch,51.19657,-115.521232,5669544.05091795,463594.8002653397
,POINT (463322.9946765072 5669041.2839144375),camp_pitch,51.19203,-115.525072,5669041.2839144375,463322.9946765072
,POINT (463488.5420837483 5669541.24798638),camp_pitch,51.196538,-115.522753,5669541.24798638,463488.5420837483
,POINT (463862.79403369076 5668986.542633624),camp_pitch,51.191572,-115.517339,5668986.542633624,463862.79403369076
,POINT (463576.17607343587 5669724.830441472),camp_pitch,51.198195,-115.521517,5669724.830441472,463576.17607343587
,POINT (463530.91647683014 5668878.943809269),camp_pitch,51.190583,-115.522079,5668878.943809269,463530.91647683014
,POINT (463383.6540538841 5669495.526753252),camp_pitch,51.19612,-115.52425,5669495.526753252,463383.6540538841
,POINT (463204.7933593554 5669615.421245487),camp_pitch,51.197187,-115.526823,5669615.421245487,463204.7933593554
,POINT (463052.3616686282 5669563.266429094),camp_pitch,51.196708,-115.529,5669563.266429094,463052.3616686282
,POINT (463104.2852271362 5669567.006291556),camp_pitch,51.196745,-115.528257,5669567.006291556,463104.2852271362
,POINT (463034.71824257466 5669334.276641961),camp_pitch,51.194647,-115.529229,5669334.276641961,463034.71824257466
,POINT (463637.02324775 5669519.406034296),camp_pitch,51.196351,-115.520625,5669519.406034296,463637.02324775
,POINT (463418.26488837943 5669049.497839759),camp_pitch,51.19211,-115.523709,5669049.497839759,463418.26488837943
,POINT (463579.82891310507 5669580.064232),camp_pitch,51.196893,-115.52145,5669580.064232,463579.82891310507
,POINT (463530.7882217003 5668910.071632503),camp_pitch,51.190863,-115.522084,5668910.071632503,463530.7882217003
,POINT (463402.5714820777 5669699.718125538),camp_pitch,51.197958,-115.524,5669699.718125538,463402.5714820777
,POINT (463349.2623725963 5669609.274330839),camp_pitch,51.197141,-115.524754,5669609.274330839,463349.2623725963
,POINT (463268.59966290504 5669600.957285822),camp_pitch,51.197061,-115.525908,5669600.957285822,463268.59966290504
,POINT (463111.28565604985 5669462.235967713),camp_pitch,51.195803,-115.528146,5669462.235967713,463111.28565604985
,POINT (463020.16106502153 5669301.253459817),camp_pitch,51.194349,-115.529434,5669301.253459817,463020.16106502153
,POINT (463379.2287780149 5669110.028886203),camp_pitch,51.192652,-115.524274,5669110.028886203,463379.2287780149
,POINT (463847.4537900599 5669040.122154478),camp_pitch,51.192053,-115.517564,5669040.122154478,463847.4537900599
,POINT (463414.0193359512 5668894.782799996),camp_pitch,51.190718,-115.523754,5668894.782799996,463414.0193359512
,POINT (463516.1702872083 5669448.337792252),camp_pitch,51.195704,-115.522348,5669448.337792252,463516.1702872083
,POINT (463338.39222555637 5669642.257574634),camp_pitch,51.197437,-115.524913,5669642.257574634,463338.39222555637
,POINT (441073.1960565613 5674680.526629748),camp_pitch,51.240891,-115.8445,5674680.526629748,441073.1960565613
,POINT (441255.25498554064 5674770.935572058),camp_pitch,51.241723,-115.841906,5674770.935572058,441255.25498554064
,POINT (441180.56491864496 5674927.215989836),camp_pitch,51.243121,-115.843002,5674927.215989836,441180.56491864496
,POINT (441182.78985528764 5674695.38860437),camp_pitch,51.241036,-115.842932,5674695.38860437,441182.78985528764
,POINT (441011.2821571314 5674752.057776374),camp_pitch,51.241528,-115.845399,5674752.057776374,441011.2821571314
,POINT (440900.7112211114 5674882.406685092),camp_pitch,51.242689,-115.847005,5674882.406685092,440900.7112211114
,POINT (441115.80838930083 5674963.758106581),camp_pitch,51.243443,-115.843936,5674963.758106581,441115.80838930083
,POINT (441179.79457742913 5674799.261298254),camp_pitch,51.24197,-115.842992,5674799.261298254,441179.79457742913
,POINT (441049.24558255624 5674715.711239445),camp_pitch,51.241205,-115.844849,5674715.711239445,441049.24558255624
,POINT (441208.1706048536 5674650.960635334),camp_pitch,51.240639,-115.842561,5674650.960635334,441208.1706048536
,POINT (441202.6940689948 5674879.267635157),camp_pitch,51.242692,-115.842677,5674879.267635157,441202.6940689948
,POINT (441064.8656015303 5674781.459007177),camp_pitch,51.241798,-115.844636,5674781.459007177,441064.8656015303
,POINT (441058.8118003294 5674916.496280353),camp_pitch,51.243012,-115.844745,5674916.496280353,441058.8118003294
,POINT (441133.66992753255 5674872.388650088),camp_pitch,51.242623,-115.843665,5674872.388650088,441133.66992753255
,POINT (441102.4094104519 5674830.05613708),camp_pitch,51.242239,-115.844106,5674830.05613708,441102.4094104519
,POINT (441175.4334954831 5674765.8473786125),camp_pitch,51.241669,-115.843049,5674765.8473786125,441175.4334954831
,POINT (441070.7956323512 5674848.096435029),camp_pitch,51.242398,-115.844562,5674848.096435029,441070.7956323512
,POINT (441251.3127041098 5674676.592403755),camp_pitch,51.240874,-115.841947,5674676.592403755,441251.3127041098
,POINT (441025.6618266502 5674734.215350134),camp_pitch,51.241369,-115.84519,5674734.215350134,441025.6618266502
,POINT (441098.5072281084 5674666.561114318),camp_pitch,51.240768,-115.844135,5674666.561114318,441098.5072281084
,POINT (441001.5478615656 5674870.349908697),camp_pitch,51.242591,-115.845558,5674870.349908697,441001.5478615656
,POINT (441275.75987315964 5674946.580951277),camp_pitch,51.243305,-115.841641,5674946.580951277,441275.75987315964
,POINT (441271.33998063573 5674682.588788845),camp_pitch,51.24093,-115.841661,5674682.588788845,441271.33998063573
,POINT (440970.3887689052 5674776.320156149),camp_pitch,51.241742,-115.845989,5674776.320156149,440970.3887689052
,POINT (440935.3883922897 5674845.652447377),camp_pitch,51.242362,-115.846502,5674845.652447377,440935.3883922897
,POINT (441235.89801392664 5674792.947903978),camp_pitch,51.241919,-115.842187,5674792.947903978,441235.89801392664
,POINT (441143.2717107334 5674645.03474318),camp_pitch,51.240579,-115.84349,5674645.03474318,441143.2717107334
,POINT (441069.06289128796 5674697.361711595),camp_pitch,51.241042,-115.844562,5674697.361711595,441069.06289128796
,POINT (441253.15479739517 5674758.174408811),camp_pitch,51.241608,-115.841934,5674758.174408811,441253.15479739517
,POINT (441168.56784241664 5674927.687189743),camp_pitch,51.243124,-115.843174,5674927.687189743,441168.56784241664
,POINT (441191.36351874843 5674718.859542703),camp_pitch,51.241248,-115.842813,5674718.859542703,441191.36351874843
,POINT (440994.5618128173 5674742.355533625),camp_pitch,51.241439,-115.845637,5674742.355533625,440994.5618128173
,POINT (440905.786995769 5674905.028090364),camp_pitch,51.242893,-115.846936,5674905.028090364,440905.786995769
,POINT (441119.66975133994 5674977.944280888),camp_pitch,51.243571,-115.843883,5674977.944280888,441119.66975133994
,POINT (441193.4213552127 5674806.9984552),camp_pitch,51.242041,-115.842798,5674806.9984552,441193.4213552127
,POINT (441240.63898877415 5674743.864980014),camp_pitch,51.241478,-115.842111,5674743.864980014,441240.63898877415
,POINT (441141.31225019 5674857.292140343),camp_pitch,51.242488,-115.843553,5674857.292140343,441141.31225019
,POINT (441193.557291333 5674636.341843136),camp_pitch,51.240506,-115.842768,5674636.341843136,441193.557291333
,POINT (441254.6823962425 5674842.761777946),camp_pitch,51.242369,-115.841926,5674842.761777946,441254.6823962425
,POINT (441064.1279774983 5674759.788168843),camp_pitch,51.241603,-115.844643,5674759.788168843,441064.1279774983
,POINT (441101.40604201733 5674748.798023943),camp_pitch,51.241508,-115.844107,5674748.798023943,441101.40604201733
,POINT (441040.2986112925 5674938.944384252),camp_pitch,51.243212,-115.845014,5674938.944384252,441040.2986112925
,POINT (441275.43461422774 5674906.0054618865),camp_pitch,51.24294,-115.841639,5674906.0054618865,441275.43461422774
,POINT (441088.87404165295 5674824.208161669),camp_pitch,51.242185,-115.844299,5674824.208161669,441088.87404165295
,POINT (441152.5154301333 5674763.331008836),camp_pitch,51.241644,-115.843377,5674763.331008836,441152.5154301333
,POINT (441296.4848015917 5674849.06464335),camp_pitch,51.24243,-115.841328,5674849.06464335,441296.4848015917
,POINT (441262.9996145463 5674648.998044959),camp_pitch,51.240627,-115.841775,5674648.998044959,441262.9996145463
,POINT (441149.23885424284 5674824.404224754),camp_pitch,51.242193,-115.843434,5674824.404224754,441149.23885424284
,POINT (441096.95265548513 5674677.029515866),camp_pitch,51.240862,-115.844159,5674677.029515866,441096.95265548513
,POINT (440989.5129466064 5674861.4831735175),camp_pitch,51.24251,-115.845729,5674861.4831735175,440989.5129466064
,POINT (441264.77674343844 5674925.91688291),camp_pitch,51.243118,-115.841795,5674925.91688291,441264.77674343844
,POINT (441151.3238495748 5674720.319594329),camp_pitch,51.241257,-115.843387,5674720.319594329,441151.3238495748
,POINT (440959.77595563716 5674794.008184629),camp_pitch,51.2419,-115.846144,5674794.008184629,440959.77595563716
,POINT (440922.503889534 5674841.798578172),camp_pitch,51.242326,-115.846686,5674841.798578172,440922.503889534
,POINT (441263.0875383505 5674827.212012803),camp_pitch,51.24223,-115.841803,5674827.212012803,441263.0875383505
,POINT (441169.58011196455 5674827.39484982),camp_pitch,51.242222,-115.843143,5674827.39484982,441169.58011196455
,POINT (441137.0552056525 5674662.783090337),camp_pitch,51.240738,-115.843582,5674662.783090337,441137.0552056525
,POINT (441061.27764266677 5674687.890076246),camp_pitch,51.240956,-115.844672,5674687.890076246,441061.27764266677
,POINT (441232.7846351629 5674764.856084765),camp_pitch,51.241666,-115.842227,5674764.856084765,441232.7846351629
,POINT (441221.2081812682 5674856.820126554),camp_pitch,51.242492,-115.842408,5674856.820126554,441221.2081812682
,POINT (441205.8213267924 5674701.683795327),camp_pitch,51.241095,-115.842603,5674701.683795327,441205.8213267924
,POINT (441000.99499807233 5674767.7407997465),camp_pitch,51.241668,-115.845549,5674767.7407997465,441000.99499807233
,POINT (440926.29078331764 5674922.135235056),camp_pitch,51.243049,-115.846645,5674922.135235056,440926.29078331764
,POINT (441096.49698443356 5674983.546952664),camp_pitch,51.243619,-115.844216,5674983.546952664,441096.49698443356
,POINT (441186.541925062 5674791.290391674),camp_pitch,51.241899,-115.842894,5674791.290391674,441186.541925062
,POINT (441210.2412294257 5674746.325828763),camp_pitch,51.241497,-115.842547,5674746.325828763,441210.2412294257
,POINT (441137.34790743777 5674840.216559009),camp_pitch,51.242334,-115.843607,5674840.216559009,441137.34790743777
,POINT (441185.7370197175 5674654.21970014),camp_pitch,51.240666,-115.842883,5674654.21970014,441185.7370197175
,POINT (441241.8978881057 5674829.344834707),camp_pitch,51.242247,-115.842107,5674829.344834707,441241.8978881057
,POINT (441106.4433311556 5674725.615551217),camp_pitch,51.2413,-115.844031,5674725.615551217,441106.4433311556
,POINT (441029.8704340214 5674711.82056149),camp_pitch,51.241168,-115.845126,5674711.82056149,441029.8704340214
,POINT (440978.1051285005 5674907.08550833),camp_pitch,51.242919,-115.8459,5674907.08550833,440978.1051285005
,POINT (441296.5651611984 5674892.644681601),camp_pitch,51.242822,-115.841334,5674892.644681601,441296.5651611984
,POINT (441228.45065279165 5674709.428985841),camp_pitch,51.241167,-115.84228,5674709.428985841,441228.45065279165
,POINT (441201.8713492941 5674801.453908293),camp_pitch,51.241992,-115.842676,5674801.453908293,441201.8713492941
,POINT (441281.7795992065 5674832.445496272),camp_pitch,51.242279,-115.841536,5674832.445496272,441281.7795992065
,POINT (441242.8437232123 5674662.236594507),camp_pitch,51.240744,-115.842066,5674662.236594507,441242.8437232123
,POINT (441083.56282145914 5674671.735755861),camp_pitch,51.240813,-115.84435,5674671.735755861,441083.56282145914
,POINT (441135.0329950335 5674790.547481468),camp_pitch,51.241887,-115.843632,5674790.547481468,441135.0329950335
,POINT (441192.4754611773 5674900.952986997),camp_pitch,51.242886,-115.842827,5674900.952986997,441192.4754611773
,POINT (441158.3584986698 5674700.8942328),camp_pitch,51.241083,-115.843283,5674700.8942328,441158.3584986698
,POINT (440950.33021401905 5674834.251531187),camp_pitch,51.242261,-115.846286,5674834.251531187,440950.33021401905
,POINT (440922.2306920607 5674860.479305306),camp_pitch,51.242494,-115.846693,5674860.479305306,440922.2306920607
,POINT (441148.250769092 5674957.159686316),camp_pitch,51.243387,-115.84347,5674957.159686316,441148.250769092
,POINT (441171.98277717363 5674805.687965893),camp_pitch,51.242027,-115.843105,5674805.687965893,441171.98277717363
,POINT (441119.1022694711 5674661.210438646),camp_pitch,51.240722,-115.843839,5674661.210438646,441119.1022694711
,POINT (441062.428821963 5674709.111453725),camp_pitch,51.241147,-115.844659,5674709.111453725,441062.428821963
,POINT (441226.8416980128 5674654.304180271),camp_pitch,51.240671,-115.842294,5674654.304180271,441226.8416980128
,POINT (441204.3127586482 5674856.124471463),camp_pitch,51.242484,-115.84265,5674856.124471463,441204.3127586482
,POINT (441211.8383428341 5674721.2929305),camp_pitch,51.241272,-115.84252,5674721.2929305,441211.8383428341
,POINT (441045.33083262475 5674806.142343111),camp_pitch,51.242018,-115.84492,5674806.142343111,441045.33083262475
,POINT (440940.8906109466 5674929.526982022),camp_pitch,51.243117,-115.846437,5674929.526982022,440940.8906109466
,POINT (441116.67301655374 5674905.380775143),camp_pitch,51.242918,-115.843914,5674905.380775143,441116.67301655374
,POINT (441118.3786517627 5674810.861596245),camp_pitch,51.242068,-115.843874,5674810.861596245,441118.3786517627
,POINT (441188.29994981474 5674743.798096298),camp_pitch,51.241472,-115.842861,5674743.798096298,441188.29994981474
,POINT (441153.58521442005 5674844.366004217),camp_pitch,51.242373,-115.843375,5674844.366004217,441153.58521442005
,POINT (441169.21544468764 5674637.510525978),camp_pitch,51.240514,-115.843117,5674637.510525978,441169.21544468764
,POINT (441235.35504349374 5674842.983296608),camp_pitch,51.242369,-115.842203,5674842.983296608,441235.35504349374
,POINT (441036.02967909194 5674725.535539308),camp_pitch,51.241292,-115.84504,5674725.535539308,441036.02967909194
,POINT (441132.2866224831 5674721.538746018),camp_pitch,51.241266,-115.84366,5674721.538746018,441132.2866224831
,POINT (440967.068855787 5674887.979131366),camp_pitch,51.242746,-115.846055,5674887.979131366,440967.068855787
,POINT (441281.85982284567 5674869.910861402),camp_pitch,51.242616,-115.841541,5674869.910861402,441281.85982284567
,POINT (441226.2136871522 5674727.353953745),camp_pitch,51.241328,-115.842315,5674727.353953745,441226.2136871522
,POINT (441214.5967254045 5674797.527986412),camp_pitch,51.241958,-115.842493,5674797.527986412,441214.5967254045
,POINT (441241.62733223767 5674641.349467051),camp_pitch,51.240556,-115.84208,5674641.349467051,441241.62733223767
,POINT (441081.8308914852 5674684.985600153),camp_pitch,51.240932,-115.844377,5674684.985600153,441081.8308914852
,POINT (441124.1388347915 5674802.012536173),camp_pitch,51.241989,-115.84379,5674802.012536173,441124.1388347915
,POINT (441176.1412978446 5674906.588018925),camp_pitch,51.242935,-115.843062,5674906.588018925,441176.1412978446
,POINT (441172.30076770287 5674717.855319587),camp_pitch,51.241237,-115.843086,5674717.855319587,441172.30076770287
,POINT (441007.40697181306 5674730.645398452),camp_pitch,51.241335,-115.845451,5674730.645398452,441007.40697181306
,POINT (440905.5804233561 5674862.894738746),camp_pitch,51.242514,-115.846932,5674862.894738746,440905.5804233561
,POINT (441132.6545284603 5674954.1146619795),camp_pitch,51.243358,-115.843693,5674954.1146619795,441132.6545284603
,POINT (441183.5542126751 5674810.669284428),camp_pitch,51.242073,-115.84294,5674810.669284428,441183.5542126751
,POINT (441047.4694530349 5674700.834081385),camp_pitch,51.241071,-115.844872,5674700.834081385,441047.4694530349
,POINT (441216.7448084143 5674637.965909285),camp_pitch,51.240523,-115.842436,5674637.965909285,441216.7448084143
,POINT (441193.97805330134 5674867.694138044),camp_pitch,51.242587,-115.8428,5674867.694138044,441193.97805330134
,POINT (463144.03781493154 5669276.350691538),camp_pitch,51.194133,-115.527658,5669276.350691538,463144.03781493154
,POINT (463210.30294138053 5669305.2015838325),camp_pitch,51.1943968,-115.5267123,5669305.2015838325,463210.30294138053
,POINT (463098.71237956727 5669316.363061787),camp_pitch,51.19449,-115.528311,5669316.363061787,463098.71237956727
,POINT (463451.81299261854 5669022.578767877),camp_pitch,51.19187,-115.523226,5669022.578767877,463451.81299261854
,POINT (463440.754272119 5669058.7869448075),camp_pitch,51.192195,-115.523388,5669058.7869448075,463440.754272119
,POINT (463553.1874887189 5669487.317104048),camp_pitch,51.196057,-115.521822,5669487.317104048,463553.1874887189
,POINT (463457.69277814805 5668945.72013188),camp_pitch,51.191179,-115.523134,5668945.72013188,463457.69277814805
,POINT (463515.8915351979 5669635.212610828),camp_pitch,51.197385,-115.522371,5669635.212610828,463515.8915351979
,POINT (463334.4087101695 5669368.035300565),camp_pitch,51.19497,-115.524942,5669368.035300565,463334.4087101695
,POINT (463225.9649555252 5669411.721465555),camp_pitch,51.195356,-115.526499,5669411.721465555,463225.9649555252
,POINT (463138.3274220839 5669288.50895777),camp_pitch,51.194242,-115.527741,5669288.50895777,463138.3274220839
,POINT (463740.31818045076 5669250.872908866),camp_pitch,51.193942,-115.519119,5669250.872908866,463740.31818045076
,POINT (463794.3116434492 5669319.971679928),camp_pitch,51.194567,-115.518353,5669319.971679928,463794.3116434492
,POINT (463759.176627087 5668963.594075119),camp_pitch,51.191359,-115.51882,5668963.594075119,463759.176627087
,POINT (463602.22118949855 5669467.6261476325),camp_pitch,51.195883,-115.521118,5669467.6261476325,463602.22118949855
,POINT (463452.76661195594 5668881.722664804),camp_pitch,51.190603,-115.523198,5668881.722664804,463452.76661195594
,POINT (463437.4249719475 5669660.561130641),camp_pitch,51.197608,-115.523497,5669660.561130641,463437.4249719475
,POINT (463763.6249042136 5669019.8134451145),camp_pitch,51.191865,-115.518762,5669019.8134451145,463763.6249042136
,POINT (463410.18699785153 5669396.17606168),camp_pitch,51.195228,-115.52386,5669396.17606168,463410.18699785153
,POINT (463298.39719653997 5669470.122156141),camp_pitch,51.195886,-115.525468,5669470.122156141,463298.39719653997
,POINT (463050.0601651858 5669466.678193574),camp_pitch,51.195839,-115.529023,5669466.678193574,463050.0601651858
,POINT (462988.97003440536 5669499.579128),camp_pitch,51.196131,-115.529901,5669499.579128,462988.97003440536
,POINT (463680.49903499323 5669365.687058581),camp_pitch,51.194971,-115.519987,5669365.687058581,463680.49903499323
,POINT (463672.3354484144 5669297.821408063),camp_pitch,51.19436,-115.520097,5669297.821408063,463672.3354484144
,POINT (463625.87803083914 5669356.068575562),camp_pitch,51.194881,-115.520768,5669356.068575562,463625.87803083914
,POINT (463307.0986836536 5669006.490825394),camp_pitch,51.191716,-115.525296,5669006.490825394,463307.0986836536
,POINT (463590.8048423394 5669689.820041601),camp_pitch,51.197881,-115.521304,5669689.820041601,463590.8048423394
,POINT (463761.44679653837 5669057.625767465),camp_pitch,51.192205,-115.518797,5669057.625767465,463761.44679653837
,POINT (463367.29237685795 5669453.955566397),camp_pitch,51.195745,-115.52448,5669453.955566397,463367.29237685795
,POINT (463484.13219530694 5668960.31737004),camp_pitch,51.191312,-115.522757,5668960.31737004,463484.13219530694
,POINT (463247.8872744962 5669517.618523164),camp_pitch,51.19631,-115.526196,5669517.618523164,463247.8872744962
,POINT (463232.6034679743 5669529.178210646),camp_pitch,51.196413,-115.526416,5669529.178210646,463232.6034679743
,POINT (463160.8332573822 5669494.897093907),camp_pitch,51.1961,-115.52744,5669494.897093907,463160.8332573822
,POINT (463057.4333479457 5669549.778637781),camp_pitch,51.196587,-115.528926,5669549.778637781,463057.4333479457
,POINT (463737.38320503524 5669399.080000199),camp_pitch,51.195275,-115.519176,5669399.080000199,463737.38320503524
,POINT (463642.5530023504 5669570.392820968),camp_pitch,51.19681,-115.520551,5669570.392820968,463642.5530023504
,POINT (463543.3957881836 5669524.850108616),camp_pitch,51.196394,-115.521966,5669524.850108616,463543.3957881836
,POINT (463329.87659151235 5669026.782981699),camp_pitch,51.1919,-115.524972,5669026.782981699,463329.87659151235
,POINT (463569.98677922634 5669521.882200267),camp_pitch,51.196369,-115.521585,5669521.882200267,463569.98677922634
,POINT (463857.8750129057 5669002.251861938),camp_pitch,51.191713,-115.517411,5669002.251861938,463857.8750129057
,POINT (463590.95601486746 5669730.839840393),camp_pitch,51.19825,-115.521306,5669730.839840393,463590.95601486746
,POINT (463523.9592016859 5668892.777990284),camp_pitch,51.190707,-115.52218,5668892.777990284,463523.9592016859
,POINT (463367.7175482722 5669493.972900542),camp_pitch,51.196105,-115.524478,5669493.972900542,463367.7175482722
,POINT (463183.04612921714 5669621.691353992),camp_pitch,51.197242,-115.527135,5669621.691353992,463183.04612921714
,POINT (463148.80702027964 5669532.113413114),camp_pitch,51.196434,-115.527616,5669532.113413114,463148.80702027964
,POINT (463080.8220076614 5669558.059176356),camp_pitch,51.196663,-115.528592,5669558.059176356,463080.8220076614
,POINT (463001.5800863632 5669436.900796584),camp_pitch,51.195568,-115.529714,5669436.900796584,463001.5800863632
,POINT (463612.22348219814 5669509.020785744),camp_pitch,51.196256,-115.520979,5669509.020785744,463612.22348219814
,POINT (463345.58051655086 5668995.54394734),camp_pitch,51.19162,-115.524744,5668995.54394734,463345.58051655086
,POINT (463552.59425579465 5669571.030554732),camp_pitch,51.19681,-115.521839,5669571.030554732,463552.59425579465
,POINT (463521.68214166956 5668926.2555948645),camp_pitch,51.191008,-115.522216,5668926.2555948645,463521.68214166956
,POINT (463416.98111085984 5669702.728137829),camp_pitch,51.197986,-115.523794,5669702.728137829,463416.98111085984
,POINT (463354.61177421414 5669595.45135528),camp_pitch,51.197017,-115.524676,5669595.45135528,463354.61177421414
,POINT (463892.09228618786 5668940.980242297),camp_pitch,51.191164,-115.516915,5668940.980242297,463892.09228618786
,POINT (463237.5424491142 5669604.403406278),camp_pitch,51.19709,-115.526353,5669604.403406278,463237.5424491142
,POINT (463147.8187126786 5669462.529496417),camp_pitch,51.195808,-115.527623,5669462.529496417,463147.8187126786
,POINT (463047.73081046424 5669298.275810565),camp_pitch,51.194324,-115.529039,5669298.275810565,463047.73081046424
,POINT (463423.7950420459 5669090.368129609),camp_pitch,51.192478,-115.523634,5669090.368129609,463423.7950420459
,POINT (463808.1078970465 5668938.458683684),camp_pitch,51.191136,-115.518117,5668938.458683684,463808.1078970465
,POINT (463396.9102538508 5668885.7889616),camp_pitch,51.190636,-115.523998,5668885.7889616,463396.9102538508
,POINT (463502.4711046357 5669447.101128067),camp_pitch,51.195692,-115.522544,5669447.101128067,463502.4711046357
,POINT (463342.48518198787 5669628.554723609),camp_pitch,51.197314,-115.524853,5669628.554723609,463342.48518198787
,POINT (463313.6324726502 5669539.715440506),camp_pitch,51.196513,-115.525257,5669539.715440506,463313.6324726502
,POINT (463194.05890644324 5669326.1285756305),camp_pitch,51.194584,-115.526947,5669326.1285756305,463194.05890644324
,POINT (463102.4461535236 5669301.328590277),camp_pitch,51.194355,-115.528256,5669301.328590277,463102.4461535236
,POINT (463463.78416775964 5669006.596626887),camp_pitch,51.191727,-115.523053,5669006.596626887,463463.78416775964
,POINT (463446.63563627197 5669041.069434102),camp_pitch,51.192036,-115.523302,5669041.069434102,463446.63563627197
,POINT (463526.14998559246 5669476.614648027),camp_pitch,51.195959,-115.522208,5669476.614648027,463526.14998559246
,POINT (463465.1951782759 5668929.99213062),camp_pitch,51.191038,-115.523025,5668929.99213062,463465.1951782759
,POINT (463533.0307207626 5669658.658408589),camp_pitch,51.197597,-115.522128,5669658.658408589,463533.0307207626
,POINT (463314.93294463475 5669633.754040378),camp_pitch,51.197359,-115.525248,5669633.754040378,463314.93294463475
,POINT (463242.0002552708 5669417.276212012),camp_pitch,51.195407,-115.52627,5669417.276212012,463242.0002552708
,POINT (463164.3614460448 5669285.654127544),camp_pitch,51.194218,-115.527368,5669285.654127544,463164.3614460448
,POINT (463336.22206777823 5668956.702083654),camp_pitch,51.19127,-115.524874,5668956.702083654,463336.22206777823
,POINT (463774.951496425 5669308.435617849),camp_pitch,51.194462,-115.518629,5669308.435617849,463774.951496425
,POINT (463782.62564666313 5668970.321049164),camp_pitch,51.191421,-115.518485,5668970.321049164,463782.62564666313
,POINT (463613.56551987375 5669451.982283992),camp_pitch,51.195743,-115.520954,5669451.982283992,463613.56551987375
,POINT (463446.9675449702 5668901.218257066),camp_pitch,51.190778,-115.523283,5668901.218257066,463446.9675449702
,POINT (463412.98800543085 5669661.846871074),camp_pitch,51.197618,-115.523847,5669661.846871074,463412.98800543085
,POINT (463805.71464361926 5669015.181117033),camp_pitch,51.191826,-115.518159,5669015.181117033,463805.71464361926
,POINT (463358.035917268 5669360.751926619),camp_pitch,51.194906,-115.524603,5669360.751926619,463358.035917268
,POINT (463309.5660147618 5669459.370243206),camp_pitch,51.19579,-115.525307,5669459.370243206,463309.5660147618
,POINT (463062.48037665774 5669445.466963557),camp_pitch,51.195649,-115.528843,5669445.466963557,463062.48037665774
,POINT (462988.5824921221 5669484.574270081),camp_pitch,51.195996,-115.529905,5669484.574270081,462988.5824921221
,POINT (463705.4903558529 5669314.150945507),camp_pitch,51.194509,-115.519624,5669314.150945507,463705.4903558529
,POINT (463600.0672048417 5669281.9915056275),camp_pitch,51.194213,-115.52113,5669281.9915056275,463600.0672048417
,POINT (463625.9467271435 5669474.239259748),camp_pitch,51.195944,-115.520779,5669474.239259748,463625.9467271435
,POINT (463317.87876510364 5668970.506679287),camp_pitch,51.191393,-115.525138,5668970.506679287,463317.87876510364
,POINT (463605.953773845 5669698.606059546),camp_pitch,51.197961,-115.521088,5669698.606059546,463605.953773845
,POINT (463741.71672659426 5669033.419336369),camp_pitch,51.191986,-115.519077,5669033.419336369,463741.71672659426
,POINT (463349.63663320587 5669436.628221808),camp_pitch,51.195588,-115.524731,5669436.628221808,463349.63663320587
,POINT (463491.8958888202 5668942.030696417),camp_pitch,51.191148,-115.522644,5668942.030696417,463491.8958888202
,POINT (463179.5859975158 5669343.685656749),camp_pitch,51.194741,-115.527156,5669343.685656749,463179.5859975158
,POINT (463217.62390720047 5669514.944850964),camp_pitch,51.196284,-115.526629,5669514.944850964,463217.62390720047
,POINT (463146.41251784744 5669490.442691767),camp_pitch,51.196059,-115.527646,5669490.442691767,463146.41251784744
,POINT (463025.6513038855 5669539.891117776),camp_pitch,51.196496,-115.52938,5669539.891117776,463025.6513038855
,POINT (463726.98470404465 5669380.588454302),camp_pitch,51.195108,-115.519323,5669380.588454302,463726.98470404465
,POINT (463585.35233510315 5669314.890268622),camp_pitch,51.194508,-115.521344,5669314.890268622,463585.35233510315
,POINT (463495.2232289291 5669518.188779007),camp_pitch,51.196331,-115.522655,5669518.188779007,463495.2232289291
,POINT (463382.5149382341 5669032.076958143),camp_pitch,51.191951,-115.524219,5669032.076958143,463382.5149382341
,POINT (463565.2424447823 5669532.476787231),camp_pitch,51.196464,-115.521654,5669532.476787231,463565.2424447823
,POINT (463835.65322893753 5668981.286467078),camp_pitch,51.191523,-115.517727,5668981.286467078,463835.65322893753
,POINT (463559.4393221706 5669728.506560039),camp_pitch,51.198227,-115.521757,5669728.506560039,463559.4393221706
,POINT (463552.6873516761 5668885.348154173),camp_pitch,51.190642,-115.521768,5668885.348154173,463552.6873516761
,POINT (463370.7751980847 5669560.31820288),camp_pitch,51.196702,-115.524441,5669560.31820288,463370.7751980847
,POINT (463193.0442919332 5669603.610500345),camp_pitch,51.19708,-115.52699,5669603.610500345,463193.0442919332
,POINT (463136.2649893732 5669526.645048366),camp_pitch,51.196384,-115.527795,5669526.645048366,463136.2649893732
,POINT (463037.56817622954 5669439.0873216735),camp_pitch,51.19559,-115.529199,5669439.0873216735,463037.56817622954
,POINT (462986.184407179 5669432.898536778),camp_pitch,51.195531,-115.529934,5669432.898536778,462986.184407179
,POINT (463652.44743741304 5669537.41715565),camp_pitch,51.196514,-115.520406,5669537.41715565,463652.44743741304
,POINT (463333.641478388 5668976.8418431785),camp_pitch,51.191451,-115.524913,5668976.8418431785,463333.641478388
,POINT (463668.83187741565 5669543.081922223),camp_pitch,51.196566,-115.520172,5669543.081922223,463668.83187741565
,POINT (463793.21643672214 5669045.729107661),camp_pitch,51.1921,-115.518341,5669045.729107661,463793.21643672214
,POINT (463563.0658705268 5669757.273253988),camp_pitch,51.198486,-115.521708,5669757.273253988,463563.0658705268
,POINT (463370.15013776085 5669629.357807746),camp_pitch,51.197323,-115.524457,5669629.357807746,463370.15013776085
,POINT (463905.91301810194 5668959.336893982),camp_pitch,51.19133,-115.516719,5668959.336893982,463905.91301810194
,POINT (463239.0461851824 5669590.052002141),camp_pitch,51.196961,-115.52633,5669590.052002141,463239.0461851824
,POINT (463157.1343510428 5669417.439718664),camp_pitch,51.195403,-115.527485,5669417.439718664,463157.1343510428
,POINT (463036.5612018182 5669250.665236192),camp_pitch,51.193895,-115.529194,5669250.665236192,463036.5612018182
,POINT (463409.0019821838 5669082.802940943),camp_pitch,51.192409,-115.523845,5669082.802940943,463409.0019821838
,POINT (463824.06929726107 5668953.242674813),camp_pitch,51.19127,-115.51789,5668953.242674813,463824.06929726107
,POINT (463445.222236239 5669607.923295894),camp_pitch,51.197135,-115.52338,5669607.923295894,463445.222236239
,POINT (463434.12711589044 5668873.628933763),camp_pitch,51.190529,-115.523464,5668873.628933763,463434.12711589044
,POINT (463414.9545962234 5669408.481703964),camp_pitch,51.195339,-115.523793,5669408.481703964,463414.9545962234
,POINT (463318.7544144865 5669621.164786813),camp_pitch,51.197246,-115.525192,5669621.164786813,463318.7544144865
,POINT (463308.6410772053 5669554.758744916),camp_pitch,51.196648,-115.52533,5669554.758744916,463308.6410772053
,POINT (463206.97050594527 5669334.373629559),camp_pitch,51.194659,-115.526763,5669334.373629559,463206.97050594527
,POINT (463115.8432641864 5669279.888147764),camp_pitch,51.194163,-115.528062,5669279.888147764,463115.8432641864
,POINT (463423.17143800727 5669032.23191561),camp_pitch,51.191955,-115.523637,5669032.23191561,463423.17143800727
,POINT (463477.8774842264 5669033.621276642),camp_pitch,51.191971,-115.522854,5669033.621276642,463477.8774842264
,POINT (463433.59237270476 5668935.8865806805),camp_pitch,51.191089,-115.523478,5668935.8865806805,463433.59237270476
,POINT (463539.37177777657 5669646.718437483),camp_pitch,51.19749,-115.522036,5669646.718437483,463539.37177777657
,POINT (463292.10137757566 5669625.134957324),camp_pitch,51.19728,-115.525574,5669625.134957324,463292.10137757566
,POINT (463175.4609587255 5669391.85085665),camp_pitch,51.195174,-115.52722,5669391.85085665,463175.4609587255
,POINT (463157.9326038942 5669295.038332408),camp_pitch,51.194302,-115.527461,5669295.038332408,463157.9326038942
,POINT (463365.6710398581 5668962.272656714),camp_pitch,51.191322,-115.524453,5668962.272656714,463365.6710398581
,POINT (463778.1578798031 5669356.993224053),camp_pitch,51.194899,-115.518588,5669356.993224053,463778.1578798031
,POINT (463483.24475464196 5669090.945585715),camp_pitch,51.192487,-115.522783,5669090.945585715,463483.24475464196
,POINT (463605.88874311786 5669334.64368698),camp_pitch,51.194687,-115.521052,5669334.64368698,463605.88874311786
,POINT (463479.3653404313 5668889.204023666),camp_pitch,51.190672,-115.522818,5668889.204023666,463479.3653404313
,POINT (463425.88970351993 5669668.869691494),camp_pitch,51.197682,-115.523663,5669668.869691494,463425.88970351993
,POINT (463823.70166091516 5669020.0569241755),camp_pitch,51.191871,-115.517902,5669020.0569241755,463823.70166091516
,POINT (463363.3401817449 5669379.723753118),camp_pitch,51.195077,-115.524529,5669379.723753118,463363.3401817449
,POINT (463275.27436764014 5669459.948875048),camp_pitch,51.195793,-115.525798,5669459.948875048,463275.27436764014
,POINT (463063.44330390816 5669433.676254862),camp_pitch,51.195543,-115.528828,5669433.676254862,463063.44330390816
,POINT (462972.23214228597 5669503.145995786),camp_pitch,51.196162,-115.530141,5669503.145995786,462972.23214228597
,POINT (463734.8465843689 5669306.939995215),camp_pitch,51.194446,-115.519203,5669306.939995215,463734.8465843689
,POINT (463618.34233688755 5669288.198555986),camp_pitch,51.19427,-115.520869,5669288.198555986,463618.34233688755
,POINT (463635.33623383695 5669458.720459493),camp_pitch,51.195805,-115.520643,5669458.720459493,463635.33623383695
,POINT (463704.2157426147 5668975.654780583),camp_pitch,51.191464,-115.519608,5668975.654780583,463704.2157426147
,POINT (463579.1853617968 5669696.127835397),camp_pitch,51.197937,-115.521471,5669696.127835397,463579.1853617968
,POINT (463736.4575021791 5669050.353931461),camp_pitch,51.192138,-115.519154,5669050.353931461,463736.4575021791
,POINT (463341.95281187125 5669446.354657008),camp_pitch,51.195675,-115.524842,5669446.354657008,463341.95281187125
,POINT (463466.0891087097 5668810.147145399),camp_pitch,51.18996,-115.523,5668810.147145399,463466.0891087097
,POINT (463183.1057233955 5669357.222882195),camp_pitch,51.194863,-115.527107,5669357.222882195,463183.1057233955
,POINT (463131.77221210825 5669513.7818440525),camp_pitch,51.196268,-115.527858,5669513.7818440525,463131.77221210825
,POINT (463020.2955180891 5669552.713980406),camp_pitch,51.196611,-115.529458,5669552.713980406,463020.2955180891
,POINT (463719.3927106541 5669393.537525941),camp_pitch,51.195224,-115.519433,5669393.537525941,463719.3927106541
,POINT (463603.6313085003 5669321.653076561),camp_pitch,51.19457,-115.521083,5669321.653076561,463603.6313085003
,POINT (463483.57845520444 5669511.156844292),camp_pitch,51.196267,-115.522821,5669511.156844292,463483.57845520444
,POINT (463357.64358885615 5669100.1777616525),camp_pitch,51.192562,-115.524582,5669100.1777616525,463357.64358885615
,POINT (463546.59403609415 5669512.932464777),camp_pitch,51.196287,-115.521919,5669512.932464777,463546.59403609415
,POINT (463726.70415298 5668994.727882266),camp_pitch,51.191637,-115.519288,5668994.727882266,463726.70415298
,POINT (463556.9632717682 5669743.754105841),camp_pitch,51.198364,-115.521794,5669743.754105841,463556.9632717682
,POINT (463544.2027321827 5668900.527156695),camp_pitch,51.190778,-115.521891,5668900.527156695,463544.2027321827
,POINT (463390.0641303562 5669473.692183295),camp_pitch,51.195924,-115.524156,5669473.692183295,463390.0641303562
,POINT (463178.19207041897 5669597.3804209195),camp_pitch,51.197023,-115.527202,5669597.3804209195,463178.19207041897
,POINT (463118.3038409817 5669544.672030807),camp_pitch,51.196545,-115.528054,5669544.672030807,463118.3038409817
,POINT (463039.08101257926 5669426.069804322),camp_pitch,51.195473,-115.529176,5669426.069804322,463039.08101257926
,POINT (463013.5759160435 5669434.368690481),camp_pitch,51.195546,-115.529542,5669434.368690481,463013.5759160435
,POINT (463659.21436365455 5669575.722092447),camp_pitch,51.196859,-115.520313,5669575.722092447,463659.21436365455
,POINT (463356.84260022925 5668978.121436574),camp_pitch,51.191464,-115.524581,5668978.121436574,463356.84260022925
,POINT (463643.4188500044 5669544.706967576),camp_pitch,51.196579,-115.520536,5669544.706967576,463643.4188500044
,POINT (463785.8057956917 5669064.679833701),camp_pitch,51.19227,-115.518449,5669064.679833701,463785.8057956917
,POINT (463578.8274534041 5669763.831489849),camp_pitch,51.198546,-115.521483,5669763.831489849,463578.8274534041
,POINT (463353.0426062239 5669620.25295411),camp_pitch,51.19724,-115.524701,5669620.25295411,463353.0426062239
,POINT (463901.8270574537 5668984.267122932),camp_pitch,51.191554,-115.51678,5668984.267122932,463901.8270574537
,POINT (463294.20574956987 5669665.473801864),camp_pitch,51.197643,-115.525548,5669665.473801864,463294.20574956987
,POINT (463161.05702079245 5669399.51357241),camp_pitch,51.195242,-115.527427,5669399.51357241,463161.05702079245
,POINT (463061.26345481334 5669247.152464621),camp_pitch,51.193865,-115.52884,5669247.152464621,463061.26345481334
,POINT (463424.66448800714 5669075.131975764),camp_pitch,51.192341,-115.52362,5669075.131975764,463424.66448800714
,POINT (463832.80979107047 5668934.616148292),camp_pitch,51.191103,-115.517763,5668934.616148292,463832.80979107047
,POINT (463457.889515105 5669631.067181018),camp_pitch,51.197344,-115.523201,5669631.067181018,463457.889515105
,POINT (463427.61849819345 5668891.573254024),camp_pitch,51.19069,-115.523559,5668891.573254024,463427.61849819345
,POINT (463432.3302234915 5669415.917343771),camp_pitch,51.195407,-115.523545,5669415.917343771,463432.3302234915
,POINT (463342.8081855987 5669654.232161494),camp_pitch,51.197545,-115.524851,5669654.232161494,463342.8081855987
,POINT (463250.1880292478 5669556.066090499),camp_pitch,51.196656,-115.526167,5669556.066090499,463250.1880292478
,POINT (463118.38819262147 5669361.911649802),camp_pitch,51.194901,-115.528034,5669361.911649802,463118.38819262147
,POINT (463042.4969945356 5669269.854533297),camp_pitch,51.194068,-115.529111,5669269.854533297,463042.4969945356
,POINT (463469.1492187949 5669122.506259263),camp_pitch,51.19277,-115.522988,5669122.506259263,463469.1492187949
,POINT (463487.9587775051 5669017.096794206),camp_pitch,51.191823,-115.522708,5669017.096794206,463487.9587775051
,POINT (463442.43536497914 5668922.038850107),camp_pitch,51.190965,-115.52335,5668922.038850107,463442.43536497914
,POINT (463536.2028830097 5669682.42576417),camp_pitch,51.197811,-115.522085,5669682.42576417,463536.2028830097
,POINT (463297.5252192418 5669611.978394179),camp_pitch,51.197162,-115.525495,5669611.978394179,463297.5252192418
,POINT (463187.98892956885 5669395.318401204),camp_pitch,51.195206,-115.527041,5669395.318401204,463187.98892956885
,POINT (463187.4717321679 5669293.93715729),camp_pitch,51.194294,-115.527038,5669293.93715729,463187.4717321679
,POINT (463060.3406163824 5669342.207514884),camp_pitch,51.19472,-115.528863,5669342.207514884,463060.3406163824
,POINT (463391.56938154576 5668969.5362191815),camp_pitch,51.191389,-115.524083,5668969.5362191815,463391.56938154576
,POINT (463713.62314904615 5669298.641180484),camp_pitch,51.19437,-115.519506,5669298.641180484,463713.62314904615
,POINT (463465.51016205765 5669082.289475512),camp_pitch,51.192408,-115.523036,5669082.289475512,463465.51016205765
,POINT (463599.9050347349 5669347.803874538),camp_pitch,51.194805,-115.521139,5669347.803874538,463599.9050347349
,POINT (463470.9760954026 5668907.939833639),camp_pitch,51.19084,-115.52294,5668907.939833639,463470.9760954026
,POINT (463425.111008505 5669628.187858974),camp_pitch,51.197316,-115.52367,5669628.187858974,463425.111008505
,POINT (463386.250680509 5669369.888765706),camp_pitch,51.19499,-115.5242,5669369.888765706,463386.250680509
,POINT (463283.77552287 5669447.326133855),camp_pitch,51.19568,-115.525675,5669447.326133855,463283.77552287
,POINT (463091.2922060974 5669440.479584837),camp_pitch,51.195606,-115.52843,5669440.479584837,463091.2922060974
,POINT (462960.04869396973 5669499.009486468),camp_pitch,51.196124,-115.530315,5669499.009486468,462960.04869396973
,POINT (463727.8893646049 5669320.773909209),camp_pitch,51.19457,-115.519304,5669320.773909209,463727.8893646049
,POINT (463635.23165307473 5669266.401252443),camp_pitch,51.194075,-115.520625,5669266.401252443,463635.23165307473
,POINT (463651.93478120957 5669484.7273319345),camp_pitch,51.19604,-115.520408,5669484.7273319345,463651.93478120957
,POINT (463721.7728945708 5668978.976925949),camp_pitch,51.191495,-115.519357,5668978.976925949,463721.7728945708
,POINT (463584.1187770137 5669712.21215726),camp_pitch,51.198082,-115.521402,5669712.21215726,463584.1187770137
,POINT (463718.97822840244 5669028.355044556),camp_pitch,51.191939,-115.519402,5669028.355044556,463718.97822840244
,POINT (463315.35197993 5669438.20704352),camp_pitch,51.1956,-115.525222,5669438.20704352,463315.35197993
,POINT (463484.99634308123 5668816.571577114),camp_pitch,51.190019,-115.52273,5668816.571577114,463484.99634308123
,POINT (463198.2340309408 5669362.895164469),camp_pitch,51.194915,-115.526891,5669362.895164469,463198.2340309408
,POINT (463133.90189283626 5669499.0924106715),camp_pitch,51.196136,-115.527826,5669499.0924106715,463133.90189283626
,POINT (463001.5456052755 5669529.0591358375),camp_pitch,51.196397,-115.529724,5669529.0591358375,463001.5456052755
,POINT (463704.8669105141 5669374.185844515),camp_pitch,51.195049,-115.519639,5669374.185844515,463704.8669105141
,POINT (463623.46270380064 5669301.0577238845),camp_pitch,51.194386,-115.520797,5669301.0577238845,463623.46270380064
,POINT (463669.5058081361 5669322.40946136),camp_pitch,51.194581,-115.52014,5669322.40946136,463669.5058081361
,POINT (463340.4112989563 5669073.842844886),camp_pitch,51.192324,-115.524826,5669073.842844886,463340.4112989563
,POINT (463533.9436107541 5669738.025651472),camp_pitch,51.198311,-115.522123,5669738.025651472,463533.9436107541
,POINT (463747.83856077906 5669000.1370346),camp_pitch,51.191687,-115.518986,5669000.1370346,463747.83856077906
,POINT (463562.3721376398 5669777.621863976),camp_pitch,51.198669,-115.52172,5669777.621863976,463562.3721376398
,POINT (463573.9222106854 5668894.980250787),camp_pitch,51.19073,-115.521465,5668894.980250787,463573.9222106854
,POINT (463361.7903563333 5669475.783685999),camp_pitch,51.195941,-115.524561,5669475.783685999,463361.7903563333
,POINT (463203.86576905224 5669593.194342294),camp_pitch,51.196987,-115.526834,5669593.194342294,463203.86576905224
,POINT (463123.40045940137 5669534.630328697),camp_pitch,51.196455,-115.52798,5669534.630328697,463123.40045940137
,POINT (463020.0723606169 5669473.230623418),camp_pitch,51.195896,-115.529453,5669473.230623418,463020.0723606169
,POINT (463014.44166640774 5669418.798967337),camp_pitch,51.195406,-115.529528,5669418.798967337,463014.44166640774
,POINT (463626.53854777804 5669577.509796247),camp_pitch,51.196873,-115.520781,5669577.509796247,463626.53854777804
,POINT (463377.80439021706 5668988.644012699),camp_pitch,51.19156,-115.524282,5668988.644012699,463377.80439021706
,POINT (463640.3028371375 5669558.40264915),camp_pitch,51.196702,-115.520582,5669558.40264915,463640.3028371375
,POINT (463800.71892313316 5669029.890436151),camp_pitch,51.191958,-115.518232,5669029.890436151,463800.71892313316
,POINT (463553.0552906055 5669763.903195765),camp_pitch,51.198545,-115.521852,5669763.903195765,463553.0552906055
,POINT (463360.8116782156 5669661.663071384),camp_pitch,51.197613,-115.524594,5669661.663071384,463360.8116782156
,POINT (463881.66129813314 5668977.516516461),camp_pitch,51.191492,-115.517068,5668977.516516461,463881.66129813314
,POINT (463278.609182744 5669643.018265891),camp_pitch,51.19744,-115.525769,5669643.018265891,463278.609182744
,POINT (463134.6595642883 5669410.041609414),camp_pitch,51.195335,-115.527806,5669410.041609414,463134.6595642883
,POINT (463057.4415184804 5669259.630742205),camp_pitch,51.193977,-115.528896,5669259.630742205,463057.4415184804
,POINT (463373.62209465436 5669068.269844046),camp_pitch,51.192276,-115.52435,5669068.269844046,463373.62209465436
,POINT (463840.1832258182 5668950.016509443),camp_pitch,51.191242,-115.517659,5668950.016509443,463840.1832258182
,POINT (463463.58207190066 5669616.352538108),camp_pitch,51.197212,-115.523118,5669616.352538108,463463.58207190066
,POINT (463536.79915759625 5668861.337570996),camp_pitch,51.190425,-115.521993,5668861.337570996,463536.79915759625
,POINT (463431.48471301014 5669385.46342649),camp_pitch,51.195133,-115.523554,5669385.46342649,463431.48471301014
,POINT (463340.94861792726 5669677.479492153),camp_pitch,51.197754,-115.52488,5669677.479492153,463340.94861792726
,POINT (463225.82660211506 5669548.45875653),camp_pitch,51.196586,-115.526515,5669548.45875653,463225.82660211506
,POINT (463125.3437224927 5669348.076901567),camp_pitch,51.194777,-115.527933,5669348.076901567,463125.3437224927
,POINT (463028.8044103483 5669269.619588131),camp_pitch,51.194065,-115.529307,5669269.619588131,463028.8044103483
,POINT (463453.01413963025 5669112.838307028),camp_pitch,51.192682,-115.523218,5669112.838307028,463453.01413963025
,POINT (463869.3734128442 5669018.179075325),camp_pitch,51.191857,-115.517248,5669018.179075325,463869.3734128442
,POINT (463412.71617666626 5668927.586518429),camp_pitch,51.191013,-115.523776,5668927.586518429,463412.71617666626
,POINT (463536.21829672914 5669694.4317642925),camp_pitch,51.197919,-115.522086,5669694.4317642925,463536.21829672914
,POINT (463263.5298704379 5669614.778353451),camp_pitch,51.197185,-115.525982,5669614.778353451,463263.5298704379
,POINT (463304.51763252495 5669378.47623584),camp_pitch,51.195062,-115.525371,5669378.47623584,463304.51763252495
,POINT (463136.1460861673 5669325.209962223),camp_pitch,51.194572,-115.527776,5669325.209962223,463136.1460861673
,POINT (463064.35524554003 5669327.393328754),camp_pitch,51.194587,-115.528804,5669327.393328754,463064.35524554003
,POINT (463361.55967781856 5669022.443658563),camp_pitch,51.191863,-115.524518,5669022.443658563,463361.55967781856
,POINT (463705.8627192274 5669258.119859147),camp_pitch,51.194005,-115.519613,5669258.119859147,463705.8627192274
,POINT (463441.53442681686 5669099.691067886),camp_pitch,51.192563,-115.523381,5669099.691067886,463441.53442681686
,POINT (463524.0970638917 5669423.602264379),camp_pitch,51.195482,-115.522232,5669423.602264379,463524.0970638917
,POINT (463471.69528118556 5668851.906269788),camp_pitch,51.190336,-115.522924,5668851.906269788,463471.69528118556
,POINT (463437.3024715458 5669633.54825203),camp_pitch,51.197365,-115.523496,5669633.54825203,463437.3024715458
,POINT (463390.02455443743 5669389.760871822),camp_pitch,51.195169,-115.524148,5669389.760871822,463390.02455443743
,POINT (463244.7327149853 5669447.716606319),camp_pitch,51.195681,-115.526234,5669447.716606319,463244.7327149853
,POINT (463115.0305309767 5669448.757769814),camp_pitch,51.195682,-115.528091,5669448.757769814,463115.0305309767
,POINT (463629.3970566931 5669251.323780115),camp_pitch,51.193939,-115.520707,5669251.323780115,463629.3970566931
,POINT (463756.15548856405 5669317.4616449755),camp_pitch,51.194542,-115.518899,5669317.4616449755,463756.15548856405
,POINT (463629.53426347 5669280.559883094),camp_pitch,51.194202,-115.520708,5669280.559883094,463629.53426347
,POINT (463658.5376214729 5669470.22880884),camp_pitch,51.19591,-115.520312,5669470.22880884,463658.5376214729
,POINT (463755.4320428737 5668977.405269712),camp_pitch,51.191483,-115.518875,5668977.405269712,463755.4320428737
,POINT (463562.7997270095 5669690.24103114),camp_pitch,51.197883,-115.521705,5669690.24103114,463562.7997270095
,POINT (463714.33909190807 5669044.062439717),camp_pitch,51.19208,-115.51947,5669044.062439717,463714.33909190807
,POINT (463400.0995895451 5669411.70025274),camp_pitch,51.195367,-115.524006,5669411.70025274,463400.0995895451
,POINT (463468.1825981511 5668829.475408022),camp_pitch,51.190134,-115.522972,5668829.475408022,463468.1825981511
,POINT (463252.82925966254 5669349.275243905),camp_pitch,51.194796,-115.526108,5669349.275243905,463252.82925966254
,POINT (463103.2157305294 5669505.649370115),camp_pitch,51.196193,-115.528266,5669505.649370115,463103.2157305294
,POINT (462993.8745952912 5669540.4535272075),camp_pitch,51.196499,-115.529835,5669540.4535272075,462993.8745952912
,POINT (463698.8767113682 5669386.4566203365),camp_pitch,51.195159,-115.519726,5669386.4566203365,463698.8767113682
,POINT (463617.48836050066 5669315.551834101),camp_pitch,51.194516,-115.520884,5669315.551834101,463617.48836050066
,POINT (463664.7030284935 5669334.671875903),camp_pitch,51.194691,-115.52021,5669334.671875903,463664.7030284935
,POINT (463331.5767855865 5669088.8023764165),camp_pitch,51.192458,-115.524954,5669088.8023764165,463331.5767855865
,POINT (463507.615273041 5669728.652279706),camp_pitch,51.198225,-115.522499,5669728.652279706,463507.615273041
,POINT (463807.9910190315 5668991.26406381),camp_pitch,51.191611,-115.518124,5668991.26406381,463807.9910190315
,POINT (463544.202445008 5669776.194489745),camp_pitch,51.198655,-115.52198,5669776.194489745,463544.202445008
,POINT (463585.18242880213 5668887.007508212),camp_pitch,51.190659,-115.521303,5668887.007508212,463585.18242880213
,POINT (463341.0011417542 5669469.595498107),camp_pitch,51.195884,-115.524858,5669469.595498107,463341.0011417542
,POINT (463204.1048059284 5669568.068718623),camp_pitch,51.196761,-115.526828,5669568.068718623,463204.1048059284
,POINT (463120.95397794654 5669583.005875927),camp_pitch,51.19689,-115.52802,5669583.005875927,463120.95397794654
,POINT (463024.17101743986 5669460.416815036),camp_pitch,51.195781,-115.529393,5669460.416815036,463024.17101743986
,POINT (463634.8871641632 5669592.569463989),camp_pitch,51.197009,-115.520663,5669592.569463989,463634.8871641632
,POINT (463398.32004923234 5668995.390154682),camp_pitch,51.191622,-115.523989,5668995.390154682,463398.32004923234
,POINT (463624.5270829399 5669540.060551441),camp_pitch,51.196536,-115.520806,5669540.060551441,463624.5270829399
,POINT (463820.2340026222 5669033.532618086),camp_pitch,51.191992,-115.517953,5669033.532618086,463820.2340026222
,POINT (463532.2682648517 5669757.825399264),camp_pitch,51.198489,-115.522149,5669757.825399264,463532.2682648517
,POINT (463554.9694517802 5668921.46141066),camp_pitch,51.190967,-115.521739,5668921.46141066,463554.9694517802
,POINT (463341.5685515484 5669549.076352542),camp_pitch,51.196599,-115.524858,5669549.076352542,463341.5685515484
,POINT (463890.4966255821 5669022.032546071),camp_pitch,51.191893,-115.516946,5669022.032546071,463890.4966255821
,POINT (463266.0019734914 5669657.671415687),camp_pitch,51.197571,-115.525951,5669657.671415687,463266.0019734914
,POINT (463136.33670954395 5669390.686384045),camp_pitch,51.195161,-115.52778,5669390.686384045,463136.33670954395
,POINT (463033.5307271151 5669373.082735156),camp_pitch,51.194996,-115.52925,5669373.082735156,463033.5307271151
,POINT (463390.9391369499 5669096.716450775),camp_pitch,51.192533,-115.524105,5669096.716450775,463390.9391369499
,POINT (463861.54908287764 5668928.74430768),camp_pitch,51.191052,-115.517351,5668928.74430768,463861.54908287764
,POINT (463478.8373849153 5669640.033898113),camp_pitch,51.197426,-115.522902,5669640.033898113,463478.8373849153
,POINT (463571.16198232 5668850.532815409),camp_pitch,51.19033,-115.5215,5668850.532815409,463571.16198232
,POINT (463466.13403484545 5669700.154821662),camp_pitch,51.197966,-115.52309,5669700.154821662,463466.13403484545
,POINT (463329.9230234863 5669659.326712398),camp_pitch,51.19759,-115.525036,5669659.326712398,463329.9230234863
,POINT (463307.1769677076 5669594.2337472),camp_pitch,51.197003,-115.525355,5669594.2337472,463307.1769677076
,POINT (463142.11247168144 5669368.1890445165),camp_pitch,51.194959,-115.527695,5669368.1890445165,463142.11247168144
,POINT (463090.6500246544 5669253.944741051),camp_pitch,51.193928,-115.52842,5669253.944741051,463090.6500246544
,POINT (463444.09980591666 5669136.246949107),camp_pitch,51.192892,-115.523348,5669136.246949107,463444.09980591666
,POINT (463858.8549101305 5669052.159167287),camp_pitch,51.192162,-115.517402,5669052.159167287,463858.8549101305
,POINT (463411.3624198513 5668855.226071425),camp_pitch,51.190362,-115.523788,5668855.226071425,463411.3624198513
,POINT (463518.0271774037 5669503.241418436),camp_pitch,51.196198,-115.522327,5669503.241418436,463518.0271774037
,POINT (463302.69945109444 5669651.850628173),camp_pitch,51.197521,-115.525425,5669651.850628173,463302.69945109444
,POINT (463300.420592903 5669391.623301353),camp_pitch,51.19518,-115.525431,5669391.623301353,463300.420592903
,POINT (463140.24914608465 5669312.952061225),camp_pitch,51.194462,-115.527716,5669312.952061225,463140.24914608465
,POINT (463085.34068139794 5669351.032330077),camp_pitch,51.194801,-115.528506,5669351.032330077,463085.34068139794
,POINT (463368.4234914709 5669005.3860536795),camp_pitch,51.19171,-115.524418,5669005.3860536795,463368.4234914709
,POINT (463730.93503273715 5669267.391967184),camp_pitch,51.19409,-115.519255,5669267.391967184,463730.93503273715
,POINT (463450.0144492256 5669083.9560784),camp_pitch,51.192422,-115.523258,5669083.9560784,463450.0144492256
,POINT (463535.8453823601 5669445.196516978),camp_pitch,51.195677,-115.522066,5669445.196516978,463535.8453823601
,POINT (463464.4610854729 5668866.076004398),camp_pitch,51.190463,-115.523029,5668866.076004398,463464.4610854729
,POINT (463558.10693689616 5669668.707805571),camp_pitch,51.197689,-115.52177,5669668.707805571,463558.10693689616
,POINT (463405.84730579285 5669375.307464606),camp_pitch,51.19504,-115.52392,5669375.307464606,463405.84730579285
,POINT (463249.8193369169 5669436.229926545),camp_pitch,51.195578,-115.52616,5669436.229926545,463249.8193369169
,POINT (463096.05813630257 5669452.451449156),camp_pitch,51.195714,-115.528363,5669452.451449156,463096.05813630257
,POINT (463659.10121187 5669243.887601274),camp_pitch,51.193874,-115.520281,5669243.887601274,463659.10121187
,POINT (463748.8521304032 5669331.742643537),camp_pitch,51.19467,-115.519005,5669331.742643537,463748.8521304032
,POINT (463639.3056403825 5669230.131774796),camp_pitch,51.193749,-115.520563,5669230.131774796,463639.3056403825
,POINT (463612.1980135263 5669495.569683006),camp_pitch,51.196135,-115.520978,5669495.569683006,463612.1980135263
,POINT (463778.79076974903 5668981.242507987),camp_pitch,51.191519,-115.518541,5668981.242507987,463778.79076974903
,POINT (463565.4173732936 5669704.785421898),camp_pitch,51.198014,-115.521669,5669704.785421898,463565.4173732936
,POINT (463690.5706423082 5669011.880674095),camp_pitch,51.191789,-115.519807,5669011.880674095,463690.5706423082
,POINT (463400.47642326663 5669425.371190212),camp_pitch,51.19549,-115.524002,5669425.371190212,463400.47642326663
,POINT (463502.4579248703 5668826.007874109),camp_pitch,51.190105,-115.522481,5668826.007874109,463502.4579248703
,POINT (463266.3581933221 5669355.959680456),camp_pitch,51.194857,-115.525915,5669355.959680456,463266.3581933221
,POINT (463110.79003860377 5669490.476137177),camp_pitch,51.196057,-115.528156,5669490.476137177,463110.79003860377
,POINT (462978.35980415996 5669519.888150721),camp_pitch,51.196313,-115.530055,5669519.888150721,462978.35980415996
,POINT (463672.63168172585 5669379.193985629),camp_pitch,51.195092,-115.520101,5669379.193985629,463672.63168172585
,POINT (463646.66718503914 5669312.899506204),camp_pitch,51.194494,-115.520466,5669312.899506204,463646.66718503914
,POINT (463700.3328328058 5669335.531574081),camp_pitch,51.194701,-115.5197,5669335.531574081,463700.3328328058
,POINT (463299.94878265227 5669071.46380743),camp_pitch,51.1923,-115.525405,5669071.46380743,463299.94878265227
,POINT (463489.62092657096 5669722.443639248),camp_pitch,51.198168,-115.522756,5669722.443639248,463489.62092657096
,POINT (463715.08029758383 5668941.338418638),camp_pitch,51.191156,-115.519449,5668941.338418638,463715.08029758383
,POINT (463536.9783294805 5669722.774126626),camp_pitch,51.198174,-115.522078,5669722.774126626,463536.9783294805
,POINT (463600.067693655 5668897.6852428205),camp_pitch,51.190756,-115.521091,5668897.6852428205,463600.067693655
,POINT (463344.3314572315 5669486.024542955),camp_pitch,51.196032,-115.524812,5669486.024542955,463344.3314572315
,POINT (463190.6581395159 5669563.051375944),camp_pitch,51.196715,-115.52702,5669563.051375944,463190.6581395159
,POINT (463097.59585512243 5669578.9493122855),camp_pitch,51.196852,-115.528354,5669578.9493122855,463097.59585512243
,POINT (462995.27509666735 5669463.404158503),camp_pitch,51.195806,-115.529807,5669463.404158503,462995.27509666735
,POINT (463606.6698606338 5669572.981534582),camp_pitch,51.196831,-115.521065,5669572.981534582,463606.6698606338
,POINT (463410.92454219935 5668980.070382127),camp_pitch,51.191485,-115.523807,5668980.070382127,463410.92454219935
,POINT (463562.0642472695 5669557.067389383),camp_pitch,51.196685,-115.521702,5669557.067389383,463562.0642472695
,POINT (463769.7825531799 5668932.170013799),camp_pitch,51.191077,-115.518665,5668932.170013799,463769.7825531799
,POINT (463511.41292767023 5669751.970507238),camp_pitch,51.198435,-115.522447,5669751.970507238,463511.41292767023
,POINT (463563.91182568186 5668911.726387373),camp_pitch,51.19088,-115.52161,5668911.726387373,463563.91182568186
,POINT (463336.8564596235 5669564.117634951),camp_pitch,51.196734,-115.524927,5669564.117634951,463336.8564596235
,POINT (463881.05936959345 5669060.785191011),camp_pitch,51.192241,-115.517085,5669060.785191011,463881.05936959345
,POINT (463251.3663530423 5669632.874563956),camp_pitch,51.197347,-115.526158,5669632.874563956,463251.3663530423
,POINT (463104.4848725683 5669400.364391909),camp_pitch,51.195246,-115.528237,5669400.364391909,463104.4848725683
,POINT (463039.4063111738 5669354.808931564),camp_pitch,51.194832,-115.529164,5669354.808931564,463039.4063111738
,POINT (463682.3169125975 5669514.082949699),camp_pitch,51.196306,-115.519976,5669514.082949699,463682.3169125975
,POINT (463873.4091423275 5668956.341569484),camp_pitch,51.191301,-115.517184,5668956.341569484,463873.4091423275
,POINT (463485.9919514201 5669624.641876094),camp_pitch,51.197288,-115.522798,5669624.641876094,463485.9919514201
,POINT (463560.7166236728 5668865.058690675),camp_pitch,51.19046,-115.521651,5668865.058690675,463560.7166236728
,POINT (463466.86226787476 5669714.156770745),camp_pitch,51.198092,-115.523081,5669714.156770745,463466.86226787476
,POINT (463319.4736765432 5669672.963810441),camp_pitch,51.197712,-115.525187,5669672.963810441,463319.4736765432
,POINT (463310.2753913523 5669578.20345568),camp_pitch,51.196859,-115.525309,5669578.20345568,463310.2753913523
,POINT (463145.2384535144 5669356.049327123),camp_pitch,51.19485,-115.527649,5669356.049327123,463145.2384535144
,POINT (463085.7400207169 5669270.544022937),camp_pitch,51.194077,-115.528492,5669270.544022937,463085.7400207169
,POINT (463436.27230336383 5669116.070167002),camp_pitch,51.19271,-115.523458,5669116.070167002,463436.27230336383
,POINT (463857.63469254714 5669077.291607523),camp_pitch,51.192388,-115.517422,5669077.291607523,463857.63469254714
,POINT (463430.6299079182 5668863.204081871),camp_pitch,51.190435,-115.523513,5668863.204081871,463430.6299079182
,POINT (463513.8401081592 5669513.609759229),camp_pitch,51.196291,-115.522388,5669513.609759229,463513.8401081592
,POINT (463276.5658795517 5669542.870753768),camp_pitch,51.196539,-115.525788,5669542.870753768,463276.5658795517
,POINT (463278.1925957129 5669369.882169335),camp_pitch,51.194983,-115.525747,5669369.882169335,463278.1925957129
,POINT (463157.0211384787 5669333.508899996),camp_pitch,51.194648,-115.527478,5669333.508899996,463157.0211384787
,POINT (463090.0546437113 5669336.3243053015),camp_pitch,51.194669,-115.528437,5669336.3243053015,463090.0546437113
,POINT (463340.6837110845 5669014.1438890705),camp_pitch,51.191787,-115.524816,5669014.1438890705,463340.6837110845
,POINT (463759.6785905962 5669272.3027530415),camp_pitch,51.194136,-115.518844,5669272.3027530415,463759.6785905962
,POINT (463501.44585875893 5669057.132423991),camp_pitch,51.192184,-115.522519,5669057.132423991,463501.44585875893
,POINT (463542.374157871 5669430.14252996),camp_pitch,51.195542,-115.521971,5669430.14252996,463542.374157871
,POINT (463494.82279557077 5668862.41392231),camp_pitch,51.190432,-115.522594,5668862.41392231,463494.82279557077
,POINT (463566.9576394488 5669656.083052373),camp_pitch,51.197576,-115.521642,5669656.083052373,463566.9576394488
,POINT (463326.2930464255 5669385.768913699),camp_pitch,51.195129,-115.52506,5669385.768913699,463326.2930464255
,POINT (463291.5122272634 5669415.699195795),camp_pitch,51.195396,-115.525561,5669415.699195795,463291.5122272634
,POINT (463078.1468125073 5669389.992757528),camp_pitch,51.195151,-115.528613,5669389.992757528,463078.1468125073
,POINT (463669.02723346837 5669225.141218213),camp_pitch,51.193706,-115.520137,5669225.141218213,463669.02723346837
,POINT (463761.41040544695 5669349.440818075),camp_pitch,51.19483,-115.518827,5669349.440818075,463761.41040544695
,POINT (463612.3861640506 5669246.108239682),camp_pitch,51.193891,-115.52095,5669246.108239682,463612.3861640506
,POINT (463559.2250406894 5669452.256449438),camp_pitch,51.195742,-115.521732,5669452.256449438,463559.2250406894
,POINT (463812.9907160728 5668977.110562749),camp_pitch,51.191484,-115.518051,5668977.110562749,463812.9907160728
,POINT (463498.6591878057 5669667.462540391),camp_pitch,51.197674,-115.522621,5669667.462540391,463498.6591878057
,POINT (463707.5735830342 5669015.873693101),camp_pitch,51.191826,-115.519564,5669015.873693101,463707.5735830342
,POINT (463383.1588292756 5669406.48497387),camp_pitch,51.195319,-115.524248,5669406.48497387,463383.1588292756
,POINT (463489.40362505964 5668837.106241498),camp_pitch,51.190204,-115.522669,5668837.106241498,463489.40362505964
,POINT (463273.6648391208 5669332.562205365),camp_pitch,51.194647,-115.525808,5669332.562205365,463273.6648391208
,POINT (463139.5829322602 5669473.149542875),camp_pitch,51.195903,-115.527742,5669473.149542875,463139.5829322602
,POINT (462967.2568391022 5669529.973312978),camp_pitch,51.196403,-115.530215,5669529.973312978,462967.2568391022
,POINT (463722.4531536371 5669342.26765082),camp_pitch,51.194763,-115.519384,5669342.26765082,463722.4531536371
,POINT (463640.60641578125 5669325.059681578),camp_pitch,51.194603,-115.520554,5669325.059681578,463640.60641578125
,POINT (463695.2482480325 5669347.462448847),camp_pitch,51.194808,-115.519774,5669347.462448847,463695.2482480325
,POINT (463314.88724864204 5669060.240316045),camp_pitch,51.1922,-115.52519,5669060.240316045,463314.88724864204
,POINT (463485.0775037531 5669741.596792199),camp_pitch,51.19834,-115.522823,5669741.596792199,463485.0775037531
,POINT (463732.37149446056 5668946.5523278285),camp_pitch,51.191204,-115.519202,5668946.5523278285,463732.37149446056
,POINT (463392.88599802466 5669448.214667669),camp_pitch,51.195695,-115.524113,5669448.214667669,463392.88599802466
,POINT (463535.817972585 5668978.959802692),camp_pitch,51.191483,-115.522019,5668978.959802692,463535.817972585
,POINT (463324.7193059132 5669478.38283895),camp_pitch,51.195962,-115.525092,5669478.38283895,463324.7193059132
,POINT (463216.84811063565 5669533.404251877),camp_pitch,51.19645,-115.526642,5669533.404251877,463216.84811063565
,POINT (463094.5755490739 5669537.727775844),camp_pitch,51.196481,-115.528393,5669537.727775844,463094.5755490739
,POINT (463000.971334557 5669449.3559734),camp_pitch,51.19568,-115.529724,5669449.3559734,463000.971334557
,POINT (463619.9406664123 5669592.675336293),camp_pitch,51.197009,-115.520877,5669592.675336293,463619.9406664123
,POINT (463379.23570294713 5669052.221676757),camp_pitch,51.192132,-115.524268,5669052.221676757,463379.23570294713
,POINT (463541.5510405194 5669550.320598683),camp_pitch,51.196623,-115.521995,5669550.320598683,463541.5510405194
,POINT (463773.736559258 5668948.039074289),camp_pitch,51.19122,-115.51861,5668948.039074289,463773.736559258
,POINT (463523.69719108864 5669770.448230797),camp_pitch,51.198602,-115.522273,5669770.448230797,463523.69719108864
,POINT (463572.1665900486 5668923.22925676),camp_pitch,51.190984,-115.521493,5668923.22925676,463572.1665900486
,POINT (463326.42599334894 5669599.988122943),camp_pitch,51.197056,-115.52508,5669599.988122943,463326.42599334894
,POINT (463239.67431304546 5669648.521738938),camp_pitch,51.197487,-115.526327,5669648.521738938,463239.67431304546
,POINT (463107.492981933 5669381.555432304),camp_pitch,51.195077,-115.528192,5669381.555432304,463107.492981933
,POINT (463015.0674346861 5669360.2090499075),camp_pitch,51.194879,-115.529513,5669360.2090499075,463015.0674346861
,POINT (463650.70627541165 5669508.525898441),camp_pitch,51.196254,-115.520428,5669508.525898441,463650.70627541165
,POINT (463829.6682430887 5669053.920985463),camp_pitch,51.192176,-115.51782,5669053.920985463,463829.6682430887
,POINT (463446.90160504094 5669647.598207371),camp_pitch,51.197492,-115.52336,5669647.598207371,463446.90160504094
,POINT (463594.65431974485 5668863.26167799),camp_pitch,51.190446,-115.521165,5668863.26167799,463594.65431974485
,POINT (463440.1514211084 5669690.334661975),camp_pitch,51.197876,-115.523461,5669690.334661975,463440.1514211084
,POINT (463361.3057287386 5669574.28172346),camp_pitch,51.196827,-115.524578,5669574.28172346,463361.3057287386
,POINT (463274.7480230913 5669581.681290953),camp_pitch,51.196888,-115.525818,5669581.681290953,463274.7480230913
,POINT (463164.24058930506 5669375.923177781),camp_pitch,51.19503,-115.527379,5669375.923177781,463164.24058930506
,POINT (463121.8258212579 5669266.727392309),camp_pitch,51.194045,-115.527975,5669266.727392309,463121.8258212579
,POINT (463428.6877586665 5669130.020122457),camp_pitch,51.192835,-115.523568,5669130.020122457,463428.6877586665
,POINT (463845.0596701519 5669057.258801885),camp_pitch,51.192207,-115.5176,5669057.258801885,463845.0596701519
,POINT (463451.087149911 5668842.047797149),camp_pitch,51.190246,-115.523218,5668842.047797149,463451.087149911
,POINT (463508.6130237599 5669485.743820655),camp_pitch,51.19604,-115.52246,5669485.743820655,463508.6130237599
,POINT (463278.70072971465 5669528.848353836),camp_pitch,51.196413,-115.525756,5669528.848353836,463278.70072971465
,POINT (463274.08925593906 5669382.139959885),camp_pitch,51.195093,-115.525807,5669382.139959885,463274.08925593906
,POINT (463163.35456608573 5669320.568010473),camp_pitch,51.194532,-115.527386,5669320.568010473,463163.35456608573
,POINT (463050.5049778853 5669285.8050630335),camp_pitch,51.194212,-115.528998,5669285.8050630335,463050.5049778853
,POINT (463389.3970331652 5669017.576106191),camp_pitch,51.191821,-115.524119,5669017.576106191,463389.3970331652
,POINT (463769.6881003337 5669255.445826444),camp_pitch,51.193985,-115.518699,5669255.445826444,463769.6881003337
,POINT (463487.2163696594 5669050.230011065),camp_pitch,51.192121,-115.522722,5669050.230011065,463487.2163696594
,POINT (463577.181801945 5669482.588984195),camp_pitch,51.196016,-115.521478,5669482.588984195,463577.181801945
,POINT (463427.33492432535 5668822.317880658),camp_pitch,51.190067,-115.523556,5668822.317880658,463427.33492432535
,POINT (463578.6243820829 5669676.121633841),camp_pitch,51.197757,-115.521477,5669676.121633841,463578.6243820829
,POINT (463320.3037606546 5669398.040135475),camp_pitch,51.195239,-115.525147,5669398.040135475,463320.3037606546
,POINT (463289.30029143183 5669428.721628746),camp_pitch,51.195513,-115.525594,5669428.721628746,463289.30029143183
,POINT (463080.25402073597 5669372.190768328),camp_pitch,51.194991,-115.528581,5669372.190768328,463080.25402073597
,POINT (463679.2685932085 5669250.970819259),camp_pitch,51.193939,-115.519993,5669250.970819259,463679.2685932085
,POINT (463778.04771118716 5669281.955900513),camp_pitch,51.194224,-115.518582,5669281.955900513,463778.04771118716
,POINT (463831.9123676773 5668995.653415287),camp_pitch,51.191652,-115.517782,5668995.653415287,463831.9123676773
,POINT (463566.09994806343 5669436.755366327),camp_pitch,51.195603,-115.521632,5669436.755366327,463566.09994806343
,POINT (463546.67866461567 5668934.415684168),camp_pitch,51.191083,-115.521859,5668934.415684168,463546.67866461567
,POINT (463486.41434765246 5669674.219660891),camp_pitch,51.197734,-115.522797,5669674.219660891,463486.41434765246
,POINT (463722.353003337 5669011.656077452),camp_pitch,51.191789,-115.519352,5669011.656077452,463722.353003337
,POINT (463384.44608160475 5669420.482921863),camp_pitch,51.195445,-115.524231,5669420.482921863,463384.44608160475
,POINT (463528.453440345 5668837.051136634),camp_pitch,51.190206,-115.52211,5668837.051136634,463528.453440345
,POINT (463287.55423588946 5669350.583223677),camp_pitch,51.19481,-115.525611,5669350.583223677,463287.55423588946
,POINT (463081.98486645304 5669496.352704227),camp_pitch,51.196108,-115.528569,5669496.352704227,463081.98486645304
,POINT (463041.44104625966 5669501.646900458),camp_pitch,51.196153,-115.52915,5669501.646900458,463041.44104625966
,POINT (463713.25699616736 5669355.561565628),camp_pitch,51.194882,-115.519517,5669355.561565628,463713.25699616736
,POINT (463657.98964202584 5669274.355383224),camp_pitch,51.194148,-115.5203,5669274.355383224,463657.98964202584
,POINT (463660.6020498459 5669357.267915187),camp_pitch,51.194894,-115.520271,5669357.267915187,463660.6020498459
,POINT (463310.38103460195 5669045.487211648),camp_pitch,51.192067,-115.525253,5669045.487211648,463310.38103460195
,POINT (463449.8107470731 5669742.292382928),camp_pitch,51.198344,-115.523328,5669742.292382928,463449.8107470731
,POINT (463749.97901159164 5668927.307212776),camp_pitch,51.191032,-115.518948,5668927.307212776,463749.97901159164
,POINT (463387.1799736159 5669461.039630735),camp_pitch,51.19581,-115.524196,5669461.039630735,463387.1799736159
,POINT (463542.95236225333 5668960.566507952),camp_pitch,51.191318,-115.521915,5668960.566507952,463542.95236225333
,POINT (463403.79548309656 5669440.24400341),camp_pitch,51.195624,-115.523956,5669440.24400341,463403.79548309656
,POINT (463204.2973952198 5669526.712938954),camp_pitch,51.196389,-115.526821,5669526.712938954,463204.2973952198
,POINT (463100.9061622353 5669524.453317296),camp_pitch,51.196362,-115.528301,5669524.453317296,463100.9061622353
,POINT (462984.717914831 5669471.706662721),camp_pitch,51.19588,-115.529959,5669471.706662721,462984.717914831
,POINT (463618.1817548163 5669551.44460365),camp_pitch,51.196638,-115.520898,5669551.44460365,463618.1817548163
,POINT (463349.15459477744 5669055.88245475),camp_pitch,51.192163,-115.524699,5669055.88245475,463349.15459477744
,POINT (463512.2677696211 5669538.077816503),camp_pitch,51.196511,-115.522413,5669538.077816503,463512.2677696211
,POINT (463786.4325111453 5668935.609948283),camp_pitch,51.191109,-115.518427,5668935.609948283,463786.4325111453
,POINT (463497.74270299403 5669764.518453901),camp_pitch,51.198547,-115.522644,5669764.518453901,463497.74270299403
,POINT (463585.9779842167 5668930.246038231),camp_pitch,51.191048,-115.521296,5668930.246038231,463585.9779842167
,POINT (463330.7983279998 5669586.283268211),camp_pitch,51.196933,-115.525016,5669586.283268211,463330.7983279998
,POINT (463225.32029990776 5669624.056447219),camp_pitch,51.197266,-115.52653,5669624.056447219,463225.32029990776
,POINT (463135.61717487784 5669562.8903881),camp_pitch,51.19671,-115.527808,5669562.8903881,463135.61717487784
,POINT (463022.64992006065 5669336.475714137),camp_pitch,51.194666,-115.529402,5669336.475714137,463022.64992006065
,POINT (463655.02677150385 5669526.837974388),camp_pitch,51.196419,-115.520368,5669526.837974388,463655.02677150385
,POINT (463819.9344024272 5669070.331171004),camp_pitch,51.192323,-115.517961,5669070.331171004,463819.9344024272
,POINT (463589.02904446016 5669567.437042629),camp_pitch,51.19678,-115.521317,5669567.437042629,463589.02904446016
,POINT (463510.2724042271 5668903.324961508),camp_pitch,51.190801,-115.522377,5668903.324961508,463510.2724042271
,POINT (463434.7185947079 5669702.2682919605),camp_pitch,51.197983,-115.52354,5669702.2682919605,463434.7185947079
,POINT (463383.5253674306 5669595.022757938),camp_pitch,51.197015,-115.524262,5669595.022757938,463383.5253674306
,POINT (463279.11546721763 5669567.309419803),camp_pitch,51.196759,-115.525754,5669567.309419803,463279.11546721763
,POINT (463168.9659143203 5669362.771493797),camp_pitch,51.194912,-115.52731,5669362.771493797,463168.9659143203
,POINT (463041.23850361374 5669318.221556521),camp_pitch,51.194503,-115.529134,5669318.221556521,463041.23850361374
,POINT (463413.78157632385 5669106.558757931),camp_pitch,51.192623,-115.523779,5669106.558757931,463413.78157632385
,POINT (463838.55065045366 5669075.313762939),camp_pitch,51.192369,-115.517695,5669075.313762939,463838.55065045366
,POINT (463444.8396478504 5668857.433381544),camp_pitch,51.190384,-115.523309,5668857.433381544,463444.8396478504
,POINT (463494.5402161845 5669481.063636462),camp_pitch,51.195997,-115.522661,5669481.063636462,463494.5402161845
,POINT (463511.626915243 5669713.282628638),camp_pitch,51.198087,-115.52244,5669713.282628638,463511.626915243
,POINT (463237.83503074537 5669381.843530243),camp_pitch,51.195088,-115.526326,5669381.843530243,463237.83503074537
,POINT (463183.6851603701 5669330.871980545),camp_pitch,51.194626,-115.527096,5669330.871980545,463183.6851603701
,POINT (463069.5029426415 5669305.011591987),camp_pitch,51.194386,-115.528728,5669305.011591987,463069.5029426415
,POINT (463427.8837001661 5669007.296816724),camp_pitch,51.191731,-115.523567,5669007.296816724,463427.8837001661
,POINT (463664.5746721864 5669504.0922099855),camp_pitch,51.196215,-115.520229,5669504.0922099855,463664.5746721864
,POINT (463462.61650002823 5669068.302944439),camp_pitch,51.192282,-115.523076,5669068.302944439,463462.61650002823
,POINT (463571.81117743516 5669493.52150906),camp_pitch,51.196114,-115.521556,5669493.52150906,463571.81117743516
,POINT (463444.99666248314 5668830.418547511),camp_pitch,51.190141,-115.523304,5668830.418547511,463444.99666248314
,POINT (463597.13939130807 5669667.096925178),camp_pitch,51.197677,-115.521211,5669667.096925178,463597.13939130807
,POINT (463315.6082963042 5669425.198592419),camp_pitch,51.195483,-115.525217,5669425.198592419,463315.6082963042
,POINT (463263.2864060922 5669405.006608787),camp_pitch,51.195298,-115.525964,5669405.006608787,463263.2864060922
,POINT (463057.36169548676 5669384.472687571),camp_pitch,51.1951,-115.52891,5669384.472687571,463057.36169548676
,POINT (463692.2248737194 5669235.982748046),camp_pitch,51.193805,-115.519806,5669235.982748046,463692.2248737194
,POINT (463799.78533063486 5669274.020894746),camp_pitch,51.194154,-115.51827,5669274.020894746,463799.78533063486
,POINT (463737.13635984337 5668958.524773196),camp_pitch,51.191312,-115.519135,5668958.524773196,463737.13635984337
,POINT (463582.6870924162 5669461.094585419),camp_pitch,51.195823,-115.521397,5669461.094585419,463582.6870924162
,POINT (463557.7002627461 5668951.901940982),camp_pitch,51.191241,-115.521703,5668951.901940982,463557.7002627461
,POINT (463473.59154420113 5669658.636215918),camp_pitch,51.197593,-115.522979,5669658.636215918,463473.59154420113
,POINT (463743.74948733853 5669014.617675875),camp_pitch,51.191817,-115.519046,5669014.617675875,463743.74948733853
,POINT (463362.56145275815 5669397.849639634),camp_pitch,51.19524,-115.524542,5669397.849639634,463362.56145275815
,POINT (463544.9298202285 5668845.494064775),camp_pitch,51.190283,-115.521875,5668845.494064775,463544.9298202285
,POINT (463296.0373333497 5669335.4037798485),camp_pitch,51.194674,-115.525488,5669335.4037798485,463296.0373333497
,POINT (463086.6914861103 5669480.644214293),camp_pitch,51.195967,-115.5285,5669480.644214293,463086.6914861103
,POINT (463014.3186884634 5669508.401079576),camp_pitch,51.196212,-115.529539,5669508.401079576,463014.3186884634
,POINT (463744.39055892476 5669352.784811021),camp_pitch,51.194859,-115.519071,5669352.784811021,463744.39055892476
,POINT (463650.84192328295 5669290.8587728925),camp_pitch,51.194296,-115.520404,5669290.8587728925,463650.84192328295
,POINT (463652.56199646555 5669366.107056312),camp_pitch,51.194973,-115.520387,5669366.107056312,463652.56199646555
,POINT (463294.8780432312 5669036.371073643),camp_pitch,51.191984,-115.525474,5669036.371073643,463294.8780432312
,POINT (463456.50071278476 5669730.349820839),camp_pitch,51.198237,-115.523231,5669730.349820839,463456.50071278476
,POINT (463746.2548251825 5668944.008624261),camp_pitch,51.191182,-115.519003,5668944.008624261,463746.2548251825
,POINT (463402.9639515826 5669480.381460292),camp_pitch,51.195985,-115.523972,5669480.381460292,463402.9639515826
,POINT (463508.93327612506 5668970.479680572),camp_pitch,51.191405,-115.522403,5668970.479680572,463508.93327612506
,POINT (463418.85741039366 5669446.473241994),camp_pitch,51.195681,-115.523741,5669446.473241994,463418.85741039366
,POINT (463221.1052929852 5669562.16620224),camp_pitch,51.196709,-115.526584,5669562.16620224,463221.1052929852
,POINT (463072.3645812423 5669528.104691462),camp_pitch,51.196393,-115.52871,5669528.104691462,463072.3645812423
,POINT (462969.04294497357 5669467.706468377),camp_pitch,51.195843,-115.530183,5669467.706468377,462969.04294497357
,POINT (463765.9377376733 5669387.205844827),camp_pitch,51.19517,-115.518766,5669387.205844827,463765.9377376733
,POINT (463604.01625735394 5669533.646997618),camp_pitch,51.196477,-115.521099,5669533.646997618,463604.01625735394
,POINT (463354.96421038086 5669037.943012294),camp_pitch,51.192002,-115.524614,5669037.943012294,463354.96421038086
,POINT (463521.0603298512 5669556.580345901),camp_pitch,51.196678,-115.522289,5669556.580345901,463521.0603298512
,POINT (463801.2378356355 5668954.848720318),camp_pitch,51.191283,-115.518217,5668954.848720318,463801.2378356355
,POINT (463478.12630775396 5669756.098032023),camp_pitch,51.19847,-115.522924,5669756.098032023,463478.12630775396
,POINT (463488.2085379264 5668875.356373821),camp_pitch,51.190548,-115.52269,5668875.356373821,463488.2085379264
,POINT (463377.53879046894 5669480.340389737),camp_pitch,51.195983,-115.524336,5669480.340389737,463377.53879046894
,POINT (463213.6933825638 5669639.036208909),camp_pitch,51.1974,-115.526698,5669639.036208909,463213.6933825638
,POINT (463071.9699185879 5669570.351284123),camp_pitch,51.196773,-115.52872,5669570.351284123,463071.9699185879
,POINT (462849.5869779377 5669002.220469577),camp_pitch,51.191648,-115.531845,5669002.220469577,462849.5869779377
,POINT (462649.4716407144 5668899.285362416),camp_pitch,51.190709,-115.534699,5668899.285362416,462649.4716407144
,POINT (462987.02888021385 5669065.483054219),camp_pitch,51.192226,-115.529884,5669065.483054219,462987.02888021385
,POINT (462526.4646877807 5668824.142599986),camp_pitch,51.190025,-115.536452,5668824.142599986,462526.4646877807
,POINT (462962.1952315961 5669041.205190393),camp_pitch,51.192006,-115.530237,5669041.205190393,462962.1952315961
,POINT (462353.51445181057 5668683.5572193945),camp_pitch,51.188749,-115.538913,5668683.5572193945,462353.51445181057
,POINT (462866.67861554393 5668960.408966941),camp_pitch,51.191273,-115.531596,5668960.408966941,462866.67861554393
,POINT (462703.32874544605 5668870.1015343685),camp_pitch,51.19045,-115.533925,5668870.1015343685,462703.32874544605
,POINT (462939.1135524619 5669095.176879225),camp_pitch,51.19249,-115.530573,5669095.176879225,462939.1135524619
,POINT (462519.9400093781 5668724.5838753395),camp_pitch,51.189129,-115.536535,5668724.5838753395,462519.9400093781
,POINT (462951.53280330315 5669054.3998863725),camp_pitch,51.192124,-115.530391,5669054.3998863725,462951.53280330315
,POINT (462831.9523396939 5668833.817786604),camp_pitch,51.190132,-115.53208,5668833.817786604,462831.9523396939
,POINT (463018.2153033544 5669060.144676805),camp_pitch,51.19218,-115.529437,5669060.144676805,463018.2153033544
,POINT (462482.2868914027 5668839.472765349),camp_pitch,51.19016,-115.537086,5668839.472765349,462482.2868914027
,POINT (462969.59780310217 5669108.741783684),camp_pitch,51.192614,-115.530138,5669108.741783684,462969.59780310217
,POINT (462406.38745545776 5668701.179149397),camp_pitch,51.188911,-115.538158,5668701.179149397,462406.38745545776
,POINT (462671.2768795815 5668842.987116835),camp_pitch,51.190204,-115.534381,5668842.987116835,462671.2768795815
,POINT (462436.9641980779 5668745.97840288),camp_pitch,51.189316,-115.537725,5668745.97840288,462436.9641980779
,POINT (463005.226406726 5669012.213776344),camp_pitch,51.191748,-115.529618,5669012.213776344,463005.226406726
,POINT (462475.1431114299 5668856.088956378),camp_pitch,51.190309,-115.53719,5668856.088956378,462475.1431114299
,POINT (462808.0024937659 5668854.668353025),camp_pitch,51.190318,-115.532425,5668854.668353025,462808.0024937659
,POINT (462553.54162982665 5668849.069036742),camp_pitch,51.190251,-115.536067,5668849.069036742,462553.54162982665
,POINT (462731.56112730515 5668784.853278391),camp_pitch,51.189685,-115.533512,5668784.853278391,462731.56112730515
,POINT (462311.8723577641 5668768.461315277),camp_pitch,51.18951,-115.539518,5668768.461315277,462311.8723577641
,POINT (463012.49775930966 5668993.707566762),camp_pitch,51.191582,-115.529512,5668993.707566762,463012.49775930966
,POINT (462820.325994478 5668877.924351292),camp_pitch,51.190528,-115.532251,5668877.924351292,462820.325994478
,POINT (462511.90465818916 5668867.937795062),camp_pitch,51.190418,-115.536665,5668867.937795062,462511.90465818916
,POINT (462718.9513445856 5668924.349142463),camp_pitch,51.190939,-115.533707,5668924.349142463,462718.9513445856
,POINT (462274.65485041717 5668865.895243859),camp_pitch,51.190384,-115.540061,5668865.895243859,462274.65485041717
,POINT (462572.1238334567 5668791.571018285),camp_pitch,51.189735,-115.535795,5668791.571018285,462572.1238334567
,POINT (463050.96204425266 5668960.969736494),camp_pitch,51.19129,-115.528958,5668960.969736494,463050.96204425266
,POINT (462759.1915383762 5668905.492192107),camp_pitch,51.190772,-115.533129,5668905.492192107,462759.1915383762
,POINT (462495.0056487061 5668907.081068781),camp_pitch,51.190769,-115.536911,5668907.081068781,462495.0056487061
,POINT (462709.3208567665 5668954.545520581),camp_pitch,51.19121,-115.533848,5668954.545520581,462709.3208567665
,POINT (462303.9462463186 5668792.642901748),camp_pitch,51.189727,-115.539634,5668792.642901748,462303.9462463186
,POINT (462575.6336166672 5668870.585733496),camp_pitch,51.190446,-115.535753,5668870.585733496,462575.6336166672
,POINT (463058.7401933184 5668944.905639511),camp_pitch,51.191146,-115.528845,5668944.905639511,463058.7401933184
,POINT (463036.561515478 5668920.719490016),camp_pitch,51.190927,-115.52916,5668920.719490016,463036.561515478
,POINT (462835.32966357475 5668914.389943242),camp_pitch,51.190857,-115.53204,5668914.389943242,462835.32966357475
,POINT (462542.7023255835 5668952.867631395),camp_pitch,51.191184,-115.536233,5668952.867631395,462542.7023255835
,POINT (462724.3064217219 5669007.686096056),camp_pitch,51.191689,-115.533639,5669007.686096056,462724.3064217219
,POINT (462369.9735122968 5668803.720188187),camp_pitch,51.189831,-115.53869,5668803.720188187,462369.9735122968
,POINT (462581.830985139 5668762.374336031),camp_pitch,51.189473,-115.535653,5668762.374336031,462581.830985139
,POINT (463020.79331631906 5668884.592334567),camp_pitch,51.190601,-115.529382,5668884.592334567,463020.79331631906
,POINT (462780.8810220808 5668929.458369196),camp_pitch,51.190989,-115.532821,5668929.458369196,462780.8810220808
,POINT (462484.29615026875 5668942.399482547),camp_pitch,51.191086,-115.537068,5668942.399482547,462484.29615026875
,POINT (462738.2927089827 5668980.904340237),camp_pitch,51.191449,-115.533436,5668980.904340237,462738.2927089827
,POINT (462406.91374968516 5668830.352292833),camp_pitch,51.190073,-115.538164,5668830.352292833,462406.91374968516
,POINT (462638.7389316212 5668816.321103256),camp_pitch,51.189962,-115.534844,5668816.321103256,462638.7389316212
,POINT (462613.10328236024 5668759.033912394),camp_pitch,51.189445,-115.535205,5668759.033912394,462613.10328236024
,POINT (462962.4644965698 5668942.930996293),camp_pitch,51.191122,-115.530223,5668942.930996293,462962.4644965698
,POINT (462927.19722893945 5668915.2823502775),camp_pitch,51.190871,-115.530725,5668915.2823502775,462927.19722893945
,POINT (462336.0866704713 5668888.678465933),camp_pitch,51.190593,-115.539184,5668888.678465933,462336.0866704713
,POINT (462788.27030257374 5669043.01826674),camp_pitch,51.192011,-115.532727,5669043.01826674,462788.27030257374
,POINT (462601.45709682 5668915.309418054),camp_pitch,51.19085,-115.535388,5668915.309418054,462601.45709682
,POINT (462431.92579801905 5668868.966851364),camp_pitch,51.190422,-115.53781,5668868.966851364,462431.92579801905
,POINT (462934.3495977114 5668899.667250138),camp_pitch,51.190731,-115.530621,5668899.667250138,462934.3495977114
,POINT (462772.78091861604 5669007.000997116),camp_pitch,51.191686,-115.532945,5669007.000997116,462772.78091861604
,POINT (462576.5023137739 5668970.630417547),camp_pitch,51.191346,-115.535751,5668970.630417547,462576.5023137739
,POINT (462544.8222484215 5668783.7659589425),camp_pitch,51.189663,-115.536185,5668783.7659589425,462544.8222484215
,POINT (462946.1446419344 5668859.450605043),camp_pitch,51.19037,-115.530448,5668859.450605043,462946.1446419344
,POINT (462831.22141267685 5669041.706731905),camp_pitch,51.192002,-115.532112,5669041.706731905,462831.22141267685
,POINT (462674.26157983596 5668830.73697243),camp_pitch,51.190094,-115.534337,5668830.73697243,462674.26157983596
,POINT (462551.77300304995 5668769.374633398),camp_pitch,51.189534,-115.536084,5668769.374633398,462551.77300304995
,POINT (462894.304805594 5669003.6758804275),camp_pitch,51.191664,-115.531205,5669003.6758804275,462894.304805594
,POINT (462842.7232661735 5669019.05645174),camp_pitch,51.191799,-115.531945,5669019.05645174,462842.7232661735
,POINT (462680.0594245095 5668811.4628206715),camp_pitch,51.189921,-115.534252,5668811.4628206715,462680.0594245095
,POINT (462563.2534227849 5668820.539287031),camp_pitch,51.189995,-115.535925,5668820.539287031,462563.2534227849
,POINT (462995.0710192923 5669037.633174513),camp_pitch,51.191976,-115.529766,5669037.633174513,462995.0710192923
,POINT (462857.28082830366 5668974.595224035),camp_pitch,51.1914,-115.531732,5668974.595224035,462857.28082830366
,POINT (462733.6333118827 5668877.885638932),camp_pitch,51.190522,-115.533492,5668877.885638932,462733.6333118827
,POINT (462977.0904559142 5669091.901438198),camp_pitch,51.192463,-115.530029,5669091.901438198,462977.0904559142
,POINT (462563.5329728607 5668724.710631061),camp_pitch,51.189133,-115.535911,5668724.710631061,462563.5329728607
,POINT (462945.85548988957 5669071.11600289),camp_pitch,51.192274,-115.530474,5669071.11600289,462945.85548988957
,POINT (462358.11251764366 5668672.295572),camp_pitch,51.188648,-115.538846,5668672.295572,462358.11251764366
,POINT (462861.50379639637 5668843.720281758),camp_pitch,51.190223,-115.531658,5668843.720281758,462861.50379639637
,POINT (462738.76070498873 5668852.835696237),camp_pitch,51.190297,-115.533416,5668852.835696237,462738.76070498873
,POINT (462877.30067712284 5669057.603943946),camp_pitch,51.192148,-115.531454,5669057.603943946,462877.30067712284
,POINT (462521.95652940235 5668838.18263533),camp_pitch,51.190151,-115.536518,5668838.18263533,462521.95652940235
,POINT (463000.7052864088 5669102.181020589),camp_pitch,51.192557,-115.529692,5669102.181020589,463000.7052864088
,POINT (462396.9270963151 5668716.256052896),camp_pitch,51.189046,-115.538295,5668716.256052896,462396.9270963151
,POINT (462710.9675036712 5668844.588655587),camp_pitch,51.190221,-115.533813,5668844.588655587,462710.9675036712
,POINT (463001.2591121715 5669023.914963842),camp_pitch,51.191853,-115.529676,5669023.914963842,463001.2591121715
,POINT (462471.1728308657 5668867.23474614),camp_pitch,51.190409,-115.537248,5668867.23474614,462471.1728308657
,POINT (462826.95679680555 5668848.194574803),camp_pitch,51.190261,-115.532153,5668848.194574803,462826.95679680555
,POINT (462548.4063611304 5668863.3359565735),camp_pitch,51.190379,-115.536142,5668863.3359565735,462548.4063611304
,POINT (462760.7621806081 5668794.53540597),camp_pitch,51.189774,-115.533095,5668794.53540597,462760.7621806081
,POINT (462328.10506933526 5668724.319771068),camp_pitch,51.189114,-115.539281,5668724.319771068,462328.10506933526
,POINT (463041.6605447858 5668988.606247307),camp_pitch,51.191538,-115.529094,5668988.606247307,463041.6605447858
,POINT (462816.4562254582 5668893.404679537),camp_pitch,51.190667,-115.532308,5668893.404679537,462816.4562254582
,POINT (462509.0787366442 5668882.743739877),camp_pitch,51.190551,-115.536707,5668882.743739877,462509.0787366442
,POINT (462754.4789069813 5668920.311675275),camp_pitch,51.190905,-115.533198,5668920.311675275,462754.4789069813
,POINT (462326.21732407657 5668752.68141264),camp_pitch,51.189369,-115.539311,5668752.68141264,462326.21732407657
,POINT (462568.81438383146 5668807.158623853),camp_pitch,51.189875,-115.535844,5668807.158623853,462568.81438383146
,POINT (463048.88140562846 5668972.768479533),camp_pitch,51.191396,-115.528989,5668972.768479533,463048.88140562846
,POINT (462787.6512303088 5668899.727525846),camp_pitch,51.190722,-115.532721,5668899.727525846,462787.6512303088
,POINT (462530.3422670982 5668905.600304555),camp_pitch,51.190758,-115.536405,5668905.600304555,462530.3422670982
,POINT (462747.72343276493 5668952.0434786165),camp_pitch,51.19119,-115.533298,5668952.0434786165,462747.72343276493
,POINT (462299.35657099844 5668805.016219333),camp_pitch,51.189838,-115.539701,5668805.016219333,462299.35657099844
,POINT (462617.4959916279 5668873.060065942),camp_pitch,51.190471,-115.535154,5668873.060065942,462617.4959916279
,POINT (463004.607069101 5668945.628789455),camp_pitch,51.191149,-115.52962,5668945.628789455,463004.607069101
,POINT (463032.6124777863 5668934.977375147),camp_pitch,51.191055,-115.529218,5668934.977375147,463032.6124777863
,POINT (462832.0797026908 5668928.6429304),camp_pitch,51.190985,-115.532088,5668928.6429304,462832.0797026908
,POINT (462566.7121127385 5668902.111232758),camp_pitch,51.190729,-115.535884,5668902.111232758,462566.7121127385
,POINT (462720.56383876107 5669021.386896805),camp_pitch,51.191812,-115.533694,5669021.386896805,462720.56383876107
,POINT (462419.07780239644 5668802.915992069),camp_pitch,51.189827,-115.537987,5668802.915992069,462419.07780239644
,POINT (462576.6265022097 5668776.752895745),camp_pitch,51.189602,-115.535729,5668776.752895745,462576.6265022097
,POINT (463016.9365579203 5668901.962261664),camp_pitch,51.190757,-115.529439,5668901.962261664,463016.9365579203
,POINT (462778.3859023023 5668941.816070806),camp_pitch,51.1911,-115.532858,5668941.816070806,462778.3859023023
,POINT (462486.8157606501 5668923.927220782),camp_pitch,51.19092,-115.53703,5668923.927220782,462486.8157606501
,POINT (462730.8261513242 5668991.630622017),camp_pitch,51.191545,-115.533544,5668991.630622017,462730.8261513242
,POINT (462399.2462300428 5668842.192208899),camp_pitch,51.190179,-115.538275,5668842.192208899,462399.2462300428
,POINT (462587.2026064084 5668828.480028367),camp_pitch,51.190068,-115.535583,5668828.480028367,462587.2026064084
,POINT (462655.5604831788 5668756.7240225375),camp_pitch,51.189427,-115.534597,5668756.7240225375,462655.5604831788
,POINT (462880.2426421648 5668933.074824361),camp_pitch,51.191028,-115.531399,5668933.074824361,462880.2426421648
,POINT (462787.5595514553 5668964.205479651),camp_pitch,51.191302,-115.532729,5668964.205479651,462787.5595514553
,POINT (462377.77838848013 5668886.927718008),camp_pitch,51.19058,-115.538587,5668886.927718008,462377.77838848013
,POINT (462744.0570471107 5668966.633049212),camp_pitch,51.191321,-115.533352,5668966.633049212,462744.0570471107
,POINT (462594.97675647296 5668927.14039517),camp_pitch,51.190956,-115.535482,5668927.14039517,462594.97675647296
,POINT (462974.1342399045 5668914.387925075),camp_pitch,51.190866,-115.530053,5668914.387925075,462974.1342399045
,POINT (462754.61901487684 5669016.693103206),camp_pitch,51.191772,-115.533206,5669016.693103206,462754.61901487684
,POINT (462621.34485448414 5668969.970359387),camp_pitch,51.191343,-115.535109,5668969.970359387,462621.34485448414
,POINT (462540.024045582 5668796.36291049),camp_pitch,51.189776,-115.536255,5668796.36291049,462540.024045582
,POINT (462987.19012151536 5668874.606958116),camp_pitch,51.190509,-115.529862,5668874.606958116,462987.19012151536
,POINT (462824.2606070575 5669054.7637402145),camp_pitch,51.192119,-115.532213,5669054.7637402145,462824.2606070575
,POINT (462590.46526866505 5668940.735724565),camp_pitch,51.191078,-115.535548,5668940.735724565,462590.46526866505
,POINT (462477.3818111373 5668760.912964536),camp_pitch,51.189453,-115.537148,5668760.912964536,462477.3818111373
,POINT (462891.40239293256 5669017.703984335),camp_pitch,51.19179,-115.531248,5669017.703984335,462891.40239293256
,POINT (462839.9470325044 5669031.193822283),camp_pitch,51.191908,-115.531986,5669031.193822283,462839.9470325044
,POINT (462717.46965669596 5668826.087607972),camp_pitch,51.190055,-115.533718,5668826.087607972,462717.46965669596
,POINT (462481.865560559 5668743.5380358035),camp_pitch,51.189297,-115.537082,5668743.5380358035,462481.865560559
,POINT (462958.72924712196 5668957.743238144),camp_pitch,51.191255,-115.530278,5668957.743238144,462958.72924712196
,POINT (462815.08625574375 5668974.344708179),camp_pitch,51.191395,-115.532336,5668974.344708179,462815.08625574375
,POINT (462726.48232506856 5668893.612182628),camp_pitch,51.190663,-115.533596,5668893.612182628,462726.48232506856
,POINT (462981.3514646868 5669082.199131305),camp_pitch,51.192376,-115.529967,5669082.199131305,462981.3514646868
,POINT (462498.6247676139 5668800.000049069),camp_pitch,51.189806,-115.536848,5668800.000049069,462498.6247676139
,POINT (462938.8346440579 5669017.806156427),camp_pitch,51.191794,-115.530569,5669017.806156427,462938.8346440579
,POINT (462412.0145408563 5668668.232299983),camp_pitch,51.188615,-115.538074,5668668.232299983,462412.0145408563
,POINT (462786.3402130817 5668834.481567471),camp_pitch,51.190135,-115.532733,5668834.481567471,462786.3402130817
,POINT (462735.02360856807 5668867.314615726),camp_pitch,51.190427,-115.533471,5668867.314615726,462735.02360856807
,POINT (462871.6195898854 5669073.764334065),camp_pitch,51.192293,-115.531537,5669073.764334065,462871.6195898854
,POINT (462559.5956165649 5668740.413985106),camp_pitch,51.189274,-115.535969,5668740.413985106,462559.5956165649
,POINT (462995.57305248576 5669117.003303974),camp_pitch,51.19269,-115.529767,5669117.003303974,462995.57305248576
,POINT (462442.54514101736 5668716.255789783),camp_pitch,51.189049,-115.537642,5668716.255789783,462442.54514101736
,POINT (462707.9835319436 5668856.949940441),camp_pitch,51.190332,-115.533857,5668856.949940441,462707.9835319436
,POINT (463032.1261512508 5669022.69217991),camp_pitch,51.191844,-115.529234,5669022.69217991,463032.1261512508
,POINT (462558.7686608531 5668837.802983919),camp_pitch,51.19015,-115.535991,5668837.802983919,462558.7686608531
,POINT (462824.8196409991 5668861.772504621),camp_pitch,51.190383,-115.532185,5668861.772504621,462824.8196409991
,POINT (462434.62968567957 5668856.607446407),camp_pitch,51.190311,-115.53777,5668856.607446407,462434.62968567957
,POINT (462753.6574669613 5668807.037707809),camp_pitch,51.189886,-115.533198,5668807.037707809,462753.6574669613
,POINT (462395.499332207 5668731.162991716),camp_pitch,51.18918,-115.538317,5668731.162991716,462395.499332207
,POINT (463039.5975394469 5669002.850557247),camp_pitch,51.191666,-115.529125,5669002.850557247,463039.5975394469
,POINT (462845.6964912446 5668889.302201255),camp_pitch,51.190632,-115.531889,5668889.302201255,462845.6964912446
,POINT (462542.7212134522 5668878.829738165),camp_pitch,51.190518,-115.536225,5668878.829738165,462542.7212134522
,POINT (462638.6418873626 5668927.823081077),camp_pitch,51.190965,-115.534857,5668927.823081077,462638.6418873626
,POINT (462384.1117719964 5668759.705336095),camp_pitch,51.189436,-115.538483,5668759.705336095,462384.1117719964
,POINT (462598.1647186582 5668798.940731036),camp_pitch,51.189803,-115.535423,5668798.940731036,462598.1647186582
,POINT (462992.20667267044 5668969.7303486755),camp_pitch,51.191365,-115.5298,5668969.7303486755,462992.20667267044
,POINT (462785.7847532757 5668912.080668211),camp_pitch,51.190833,-115.532749,5668912.080668211,462785.7847532757
,POINT (462558.4116114008 5668913.39968391),camp_pitch,51.19083,-115.536004,5668913.39968391,462558.4116114008
,POINT (462673.02518998197 5668958.588885942),camp_pitch,51.191244,-115.534368,5668958.588885942,462673.02518998197
,POINT (462289.4208011895 5668821.875504598),camp_pitch,51.189989,-115.539845,5668821.875504598,462289.4208011895
,POINT (462602.1126662715 5668784.682509789),camp_pitch,51.189675,-115.535365,5668784.682509789,462602.1126662715
,POINT (463001.82320386346 5668956.765611873),camp_pitch,51.191249,-115.529661,5668956.765611873,463001.82320386346
,POINT (462800.3459159727 5668935.653910259),camp_pitch,51.191046,-115.532543,5668935.653910259,462800.3459159727
,POINT (462460.2725145661 5668895.551030442),camp_pitch,51.190663,-115.537407,5668895.551030442,462460.2725145661
,POINT (462682.15760475467 5668927.173210463),camp_pitch,51.190962,-115.534234,5668927.173210463,462682.15760475467
,POINT (462413.3149837585 5668817.2988094315),camp_pitch,51.189956,-115.538071,5668817.2988094315,462413.3149837585
,POINT (462604.8162012991 5668772.212036284),camp_pitch,51.189563,-115.535325,5668772.212036284,462604.8162012991
,POINT (463042.95622429525 5668906.555177386),camp_pitch,51.1908,-115.529067,5668906.555177386,463042.95622429525
,POINT (462793.32887721603 5668950.601216461),camp_pitch,51.19118,-115.532645,5668950.601216461,462793.32887721603
,POINT (462520.15646052366 5668936.134604076),camp_pitch,51.191032,-115.536554,5668936.134604076,462520.15646052366
,POINT (462655.3302293542 5668994.068874651),camp_pitch,51.191562,-115.534625,5668994.068874651,462655.3302293542
,POINT (462444.43184148066 5668840.527597701),camp_pitch,51.190167,-115.537628,5668840.527597701,462444.43184148066
,POINT (462583.468346246 5668843.292545124),camp_pitch,51.190201,-115.535638,5668843.292545124,462583.468346246
,POINT (462876.984534966 5668946.216163861),camp_pitch,51.191146,-115.531447,5668946.216163861,462876.984534966
,POINT (462781.78622910415 5668977.253940187),camp_pitch,51.191419,-115.532813,5668977.253940187,462781.78622910415
,POINT (462371.37814880203 5668900.0924098),camp_pitch,51.190698,-115.53868,5668900.0924098,462371.37814880203
,POINT (462771.75203878316 5668961.429676),camp_pitch,51.191276,-115.532955,5668961.429676,462771.75203878316
,POINT (462590.1581484956 5668735.522248504),camp_pitch,51.189232,-115.535531,5668735.522248504,462590.1581484956
,POINT (463006.9634141791 5668913.929026821),camp_pitch,51.190864,-115.529583,5668913.929026821,463006.9634141791
,POINT (462749.81972225866 5669029.178699956),camp_pitch,51.191884,-115.533276,5669029.178699956,462749.81972225866
,POINT (462612.27291588264 5668884.88186861),camp_pitch,51.190577,-115.53523,5668884.88186861,462612.27291588264
,POINT (462468.3502358478 5668786.881048378),camp_pitch,51.189686,-115.53728,5668786.881048378,462468.3502358478
,POINT (462895.59885591164 5668873.377970498),camp_pitch,51.190492,-115.531173,5668873.377970498,462895.59885591164
,POINT (462761.817729112 5668988.293124162),camp_pitch,51.191517,-115.5331,5668988.293124162,462761.817729112
,POINT (462631.61883502634 5668941.8813149715),camp_pitch,51.191091,-115.534959,5668941.8813149715,462631.61883502634
,POINT (462469.9373958422 5668774.640993248),camp_pitch,51.189576,-115.537256,5668774.640993248,462469.9373958422
,POINT (462887.03633641836 5669032.187337831),camp_pitch,51.19192,-115.531312,5669032.187337831,462887.03633641836
,POINT (462803.4328312598 5669005.000224551),camp_pitch,51.19167,-115.532506,5669005.000224551,462803.4328312598
,POINT (462747.2553598429 5668820.090762719),camp_pitch,51.190003,-115.533291,5668820.090762719,462747.2553598429
,POINT (462518.73768055637 5668741.712486368),camp_pitch,51.189283,-115.536554,5668741.712486368,462518.73768055637
,POINT (462907.15107279277 5668973.6789679155),camp_pitch,51.191395,-115.531018,5668973.6789679155,462907.15107279277
,POINT (462810.5003551572 5668987.384538909),camp_pitch,51.191512,-115.532403,5668987.384538909,462810.5003551572
,POINT (462764.8773050481 5668889.998652405),camp_pitch,51.190633,-115.533046,5668889.998652405,462764.8773050481
,POINT (463006.55767367163 5669090.355083813),camp_pitch,51.192451,-115.529607,5669090.355083813,463006.55767367163
,POINT (462493.2735427322 5668813.379258585),camp_pitch,51.189926,-115.536926,5668813.379258585,462493.2735427322
,POINT (462934.3183226887 5669030.845372132),camp_pitch,51.191911,-115.530635,5669030.845372132,462934.3183226887
,POINT (462409.7111315245 5668687.592352888),camp_pitch,51.188789,-115.538109,5668687.592352888,462409.7111315245
,POINT (462779.231466851 5668846.428025215),camp_pitch,51.190242,-115.532836,5668846.428025215,462779.231466851
,POINT (462772.1670693554 5668864.48839724),camp_pitch,51.190404,-115.532939,5668864.48839724,462772.1670693554
,POINT (462906.36662763427 5669087.520386124),camp_pitch,51.192419,-115.531041,5669087.520386124,462906.36662763427
,POINT (462502.43004919426 5668699.254255653),camp_pitch,51.1889,-115.536783,5668699.254255653,462502.43004919426
,POINT (462991.737232583 5669049.996812008),camp_pitch,51.192087,-115.529815,5669049.996812008,462991.737232583
,POINT (462442.0944051966 5668731.044402195),camp_pitch,51.189182,-115.53765,5668731.044402195,462442.0944051966
,POINT (462796.6663015692 5668823.067653244),camp_pitch,51.190033,-115.532584,5668823.067653244,462796.6663015692
,POINT (463028.07614934276 5669032.615258444),camp_pitch,51.191933,-115.529293,5669032.615258444,463028.07614934276
,POINT (462447.83919110155 5668828.830063981),camp_pitch,51.190062,-115.537578,5668828.830063981,462447.83919110155
,POINT (462854.4832341459 5668858.222853301),camp_pitch,51.190353,-115.53176,5668858.222853301,462854.4832341459
,POINT (462322.75257291517 5668737.476834698),camp_pitch,51.189232,-115.539359,5668737.476834698,462322.75257291517
,POINT (462778.4325733248 5668813.305832629),camp_pitch,51.189944,-115.532844,5668813.305832629,462778.4325733248
,POINT (462390.92728647793 5668745.981785743),camp_pitch,51.189313,-115.538384,5668745.981785743,462390.92728647793
,POINT (462978.5320992557 5669001.178193132),camp_pitch,51.191647,-115.529999,5669001.178193132,462978.5320992557
,POINT (462842.4962318409 5668900.775628157),camp_pitch,51.190735,-115.531936,5668900.775628157,462842.4962318409
,POINT (462537.59006011486 5668893.652479169),camp_pitch,51.190651,-115.5363,5668893.652479169,462537.59006011486
,POINT (462643.790274043 5668915.334841225),camp_pitch,51.190853,-115.534782,5668915.334841225,462643.790274043
,POINT (462382.77101108077 5668776.946167063),camp_pitch,51.189591,-115.538504,5668776.946167063,462382.77101108077
,POINT (462988.25299145374 5668983.321298176),camp_pitch,51.191487,-115.529858,5668983.321298176,462988.25299145374
,POINT (462800.459501031 5668874.177331439),camp_pitch,51.190493,-115.532535,5668874.177331439,462800.459501031
,POINT (462450.6783508356 5668911.406994689),camp_pitch,51.190805,-115.537546,5668911.406994689,462450.6783508356
,POINT (462686.655617766 5668911.688210848),camp_pitch,51.190823,-115.534168,5668911.688210848,462686.655617766
,POINT (462287.367964569 5668837.231740901),camp_pitch,51.190127,-115.539876,5668837.231740901,462287.367964569
,POINT (462644.11139167356 5668786.600235464),camp_pitch,51.189695,-115.534764,5668786.600235464,462644.11139167356
,POINT (463027.01581768855 5668953.249161193),camp_pitch,51.191219,-115.5293,5668953.249161193,463027.01581768855
,POINT (462825.69847442233 5668944.58609941),camp_pitch,51.191128,-115.532181,5668944.58609941,462825.69847442233
,POINT (462464.2265004713 5668882.1819939865),camp_pitch,51.190543,-115.537349,5668882.1819939865,462464.2265004713
,POINT (462676.48101586 5668943.889624875),camp_pitch,51.191112,-115.534317,5668943.889624875,462676.48101586
,POINT (462364.1132826508 5668814.3240698865),camp_pitch,51.189926,-115.538775,5668814.3240698865,462364.1132826508
,POINT (462623.90660067776 5668861.229627114),camp_pitch,51.190365,-115.535061,5668861.229627114,462623.90660067776
,POINT (463067.4036016566 5668915.939739957),camp_pitch,51.190886,-115.528718,5668915.939739957,463067.4036016566
,POINT (462809.3603728768 5668907.129687164),camp_pitch,51.19079,-115.532411,5668907.129687164,462809.3603728768
,POINT (462513.3481672287 5668950.858443553),camp_pitch,51.191164,-115.536653,5668950.858443553,462513.3481672287
,POINT (462660.32756870013 5668980.02539914),camp_pitch,51.191436,-115.534552,5668980.02539914,462660.32756870013
,POINT (462353.29388185625 5668844.085173565),camp_pitch,51.190193,-115.538933,5668844.085173565,462353.29388185625
,POINT (462625.24814266816 5668843.9888605615),camp_pitch,51.19021,-115.53504,5668843.9888605615,462625.24814266816
,POINT (462919.655454468 5668944.685068411),camp_pitch,51.191135,-115.530836,5668944.685068411,462919.655454468
,POINT (462525.40694707434 5668918.531777699),camp_pitch,51.190874,-115.536477,5668918.531777699,462525.40694707434
,POINT (462702.919052721 5668967.5986350905),camp_pitch,51.191327,-115.533941,5668967.5986350905,462702.919052721
,POINT (462410.5942411703 5668913.25655491),camp_pitch,51.190819,-115.53812,5668913.25655491,462410.5942411703
,POINT (462768.5479628376 5668972.347341666),camp_pitch,51.191374,-115.533002,5668972.347341666,462768.5479628376
,POINT (462585.3646461037 5668748.786127209),camp_pitch,51.189351,-115.535601,5668748.786127209,462585.3646461037
,POINT (462924.5106492488 5668930.198215594),camp_pitch,51.191005,-115.530765,5668930.198215594,462924.5106492488
,POINT (462887.2382391632 5668905.454676415),camp_pitch,51.19078,-115.531296,5668905.454676415,462887.2382391632
,POINT (462767.0952645159 5669022.494531343),camp_pitch,51.191825,-115.533028,5669022.494531343,462767.0952645159
,POINT (462606.6013600478 5668902.265331357),camp_pitch,51.190733,-115.535313,5668902.265331357,462606.6013600478
,POINT (462385.04849122383 5668868.531775983),camp_pitch,51.190415,-115.538481,5668868.531775983,462385.04849122383
,POINT (462892.80956227187 5668883.736718354),camp_pitch,51.190585,-115.531214,5668883.736718354,462892.80956227187
,POINT (462758.06132805825 5669000.10414408),camp_pitch,51.191623,-115.533155,5669000.10414408,462758.06132805825
,POINT (462616.7594395483 5668983.01036528),camp_pitch,51.19146,-115.535176,5668983.01036528,462616.7594395483
,POINT (462510.24271584494 5668774.235476307),camp_pitch,51.189575,-115.536679,5668774.235476307,462510.24271584494
,POINT (462900.7214240452 5668857.221649764),camp_pitch,51.190347,-115.531098,5668857.221649764,462900.7214240452
,POINT (462800.6534613243 5669016.692968785),camp_pitch,51.191775,-115.532547,5669016.692968785,462800.6534613243
,POINT (462747.5753789497 5668835.318421017),camp_pitch,51.19014,-115.533288,5668835.318421017,462747.5753789497
,POINT (462518.35090563726 5668755.7224488715),camp_pitch,51.189409,-115.536561,5668755.7224488715,462518.35090563726
,POINT (462903.2811205697 5668989.1592321405),camp_pitch,51.191534,-115.531075,5668989.1592321405,462903.2811205697
,POINT (462852.0661557623 5668987.639563702),camp_pitch,51.191517,-115.531808,5668987.639563702,462852.0661557623
,POINT (462652.279364345 5668881.9227728695),camp_pitch,51.190553,-115.534657,5668881.9227728695,462652.279364345
,POINT (463011.6017028456 5669072.97659069),camp_pitch,51.192295,-115.529533,5669072.97659069,463011.6017028456
,POINT (462528.6043179691 5668811.009190712),camp_pitch,51.189907,-115.53642,5668811.009190712,462528.6043179691
,POINT (462968.5975953238 5669028.15240023),camp_pitch,51.191889,-115.530144,5669028.15240023,462968.5975953238
,POINT (462452.61233761744 5668679.052146575),camp_pitch,51.188715,-115.537494,5668679.052146575,462452.61233761744
,POINT (462821.81989183824 5668958.843644325),camp_pitch,51.191256,-115.532238,5668958.843644325,462821.81989183824
,POINT (462663.14081031777 5668857.720399293),camp_pitch,51.190336,-115.534499,5668857.720399293,462663.14081031777
,POINT (462929.2045294339 5669077.239222911),camp_pitch,51.192328,-115.530713,5669077.239222911,462929.2045294339
,POINT (462532.8845678681 5668708.258940216),camp_pitch,51.188983,-115.536348,5668708.258940216,462532.8845678681
,POINT (462928.3504003612 5669046.007256969),camp_pitch,51.192047,-115.530722,5669046.007256969,462928.3504003612
,POINT (462331.9645408926 5668707.616292444),camp_pitch,51.188964,-115.539224,5668707.616292444,462331.9645408926
,POINT (462815.21220886224 5668827.71356285),camp_pitch,51.190076,-115.532319,5668827.71356285,462815.21220886224
,POINT (463024.61298218847 5669046.424985017),camp_pitch,51.192057,-115.529344,5669046.424985017,463024.61298218847
,POINT (462485.610671041 5668825.88601559),camp_pitch,51.190038,-115.537037,5668825.88601559,462485.610671041
,POINT (462850.099448125 5668870.260672725),camp_pitch,51.190461,-115.531824,5668870.260672725,462850.099448125
,POINT (462348.3934144913 5668699.714088693),camp_pitch,51.188894,-115.538988,5668699.714088693,462348.3934144913
,POINT (462687.5830797314 5668798.957371288),camp_pitch,51.189809,-115.534143,5668798.957371288,462687.5830797314
,POINT (462430.7910775957 5668761.587044498),camp_pitch,51.189456,-115.537815,5668761.587044498,462430.7910775957
,POINT (462973.19267282274 5669016.335492769),camp_pitch,51.191783,-115.530077,5669016.335492769,462973.19267282274
,POINT (462811.95902472426 5668841.52191328),camp_pitch,51.1902,-115.532367,5668841.52191328,462811.95902472426
,POINT (462516.8213365819 5668852.44958686),camp_pitch,51.190279,-115.536593,5668852.44958686,462516.8213365819
,POINT (462696.04721073847 5668771.659793818),camp_pitch,51.189564,-115.534019,5668771.659793818,462696.04721073847
,POINT (462426.0621727889 5668774.07243047),camp_pitch,51.189568,-115.537884,5668774.07243047,462426.0621727889
,POINT (463015.8228295804 5668980.121163025),camp_pitch,51.19146,-115.529463,5668980.121163025,463015.8228295804
,POINT (462794.25645355205 5668885.783706468),camp_pitch,51.190597,-115.532625,5668885.783706468,462794.25645355205
,POINT (462444.9196359143 5668926.34558857),camp_pitch,51.190939,-115.53763,5668926.34558857,462444.9196359143
,POINT (462720.78860935185 5668907.994146502),camp_pitch,51.190792,-115.533679,5668907.994146502,462720.78860935185
,POINT (462281.60065522173 5668850.947737529),camp_pitch,51.19025,-115.53996,5668850.947737529,462281.60065522173
,POINT (462641.42960046884 5668802.072058762),camp_pitch,51.189834,-115.534804,5668802.072058762,462641.42960046884
,POINT (463025.40178688185 5668961.931859992),camp_pitch,51.191297,-115.529324,5668961.931859992,463025.40178688185
,POINT (462769.38768820325 5668876.181155846),camp_pitch,51.190509,-115.53298,5668876.181155846,462769.38768820325
,POINT (462500.7872564713 5668895.255064987),camp_pitch,51.190663,-115.536827,5668895.255064987,462500.7872564713
,POINT (462713.82618895004 5668940.061001495),camp_pitch,51.19108,-115.533782,5668940.061001495,462713.82618895004
,POINT (462307.35657411726 5668781.389921753),camp_pitch,51.189626,-115.539584,5668781.389921753,462307.35657411726
,POINT (462580.21417421487 5668856.878721834),camp_pitch,51.190323,-115.535686,5668856.878721834,462580.21417421487
,POINT (463061.4495391332 5668933.102379605),camp_pitch,51.19104,-115.528805,5668933.102379605,463061.4495391332
,POINT (463008.3850907843 5668927.036573613),camp_pitch,51.190982,-115.529564,5668927.036573613,463008.3850907843
,POINT (462805.4079274476 5668920.83194002),camp_pitch,51.190913,-115.532469,5668920.83194002,462805.4079274476
,POINT (462545.0677077454 5668941.955935852),camp_pitch,51.191086,-115.536198,5668941.955935852,462545.0677077454
,POINT (462688.0535140538 5669007.949345037),camp_pitch,51.191689,-115.534158,5669007.949345037,462688.0535140538
,POINT (462375.0993930121 5668788.230308799),camp_pitch,51.189692,-115.538615,5668788.230308799,462375.0993930121
,POINT (462651.9681046155 5668771.868956517),camp_pitch,51.189563,-115.53465,5668771.868956517,462651.9681046155
,POINT (462752.1291939455 5668933.446509946),camp_pitch,51.191023,-115.533233,5668933.446509946,462752.1291939455
,POINT (462552.0052722112 5668925.786015892),camp_pitch,51.190941,-115.536097,5668925.786015892,462552.0052722112
,POINT (462695.9689634703 5668982.100921654),camp_pitch,51.191457,-115.534042,5668982.100921654,462695.9689634703
,POINT (462358.97850118513 5668828.591180642),camp_pitch,51.190054,-115.53885,5668828.591180642,462358.97850118513
,POINT (462591.6508128755 5668815.774502631),camp_pitch,51.189954,-115.535518,5668815.774502631,462591.6508128755
,POINT (462620.0453630534 5668743.4199003475),camp_pitch,51.189305,-115.535104,5668743.4199003475,462620.0453630534
,POINT (462969.7148359804 5668931.206108305),camp_pitch,51.191017,-115.530118,5668931.206108305,462969.7148359804
,POINT (462884.7998511035 5668916.0332293445),camp_pitch,51.190875,-115.531332,5668916.0332293445,462884.7998511035
,POINT (462341.76711091556 5668872.628643081),camp_pitch,51.190449,-115.539101,5668872.628643081,462341.76711091556
,POINT (462761.24334502127 5669034.320741939),camp_pitch,51.191931,-115.533113,5669034.320741939,462761.24334502127
,POINT (462572.480119411 5668888.395558516),camp_pitch,51.190606,-115.5358,5668888.395558516,462572.480119411
,POINT (462390.0615035553 5668856.7112747235),camp_pitch,51.190309,-115.538408,5668856.7112747235,462390.0615035553
,POINT (462936.4195782529 5668886.423356176),camp_pitch,51.190612,-115.53059,5668886.423356176,462936.4195782529
,POINT (462776.73401224974 5668993.409878541),camp_pitch,51.191564,-115.532887,5668993.409878541,462776.73401224974
,POINT (462582.8900270382 5668955.687391635),camp_pitch,51.191212,-115.535658,5668955.687391635,462582.8900270382
,POINT (462502.3791065244 5668787.966517223),camp_pitch,51.189698,-115.536793,5668787.966517223,462502.3791065244
,POINT (462921.24226624204 5668864.52169947),camp_pitch,51.190414,-115.530805,5668864.52169947,462921.24226624204
,POINT (462794.11824713123 5669030.63627741),camp_pitch,51.1919,-115.532642,5669030.63627741,462794.11824713123
,POINT (462634.2409734939 5668831.806142848),camp_pitch,51.190101,-115.53491,5668831.806142848,462634.2409734939
,POINT (462555.0174351536 5668754.45449806),camp_pitch,51.1894,-115.536036,5668754.45449806,462555.0174351536
,POINT (462944.6043055141 5669004.202063626),camp_pitch,51.191672,-115.530485,5669004.202063626,462944.6043055141
,POINT (461915.95201301976 5668453.21914399),camp_pitch,51.186648,-115.545152,5668453.21914399,461915.95201301976
,POINT (462113.9422008428 5668651.968357491),camp_pitch,51.188449,-115.542339,5668651.968357491,462113.9422008428
,POINT (462058.2907038174 5668504.303539409),camp_pitch,51.187117,-115.54312,5668504.303539409,462058.2907038174
,POINT (462013.9890665366 5668540.871686405),camp_pitch,51.187443,-115.543758,5668540.871686405,462013.9890665366
,POINT (461971.3426666131 5668517.841983397),camp_pitch,51.187233,-115.544366,5668517.841983397,461971.3426666131
,POINT (461948.10556950397 5668587.494001987),camp_pitch,51.187858,-115.544706,5668587.494001987,461948.10556950397
,POINT (462044.56518289057 5668603.900181964),camp_pitch,51.188012,-115.543327,5668603.900181964,462044.56518289057
,POINT (461915.53238501004 5668509.695542885),camp_pitch,51.187156,-115.545164,5668509.695542885,461915.53238501004
,POINT (462157.32600523863 5668566.716309029),camp_pitch,51.187685,-115.541709,5668566.716309029,462157.32600523863
,POINT (462032.9879942692 5668512.04991265),camp_pitch,51.187185,-115.543483,5668512.04991265,462032.9879942692
,POINT (461907.95118152455 5668523.669977914),camp_pitch,51.1872812,-115.545274,5668523.669977914,461907.95118152455
,POINT (462001.11577993154 5668774.41948664),camp_pitch,51.189543,-115.543967,5668774.41948664,462001.11577993154
,POINT (461847.5551819823 5668481.296333847),camp_pitch,51.186896,-115.546134,5668481.296333847,461847.5551819823
,POINT (462133.3210891253 5668655.7163319485),camp_pitch,51.188484,-115.542062,5668655.7163319485,462133.3210891253
,POINT (462106.48861131043 5668569.64795457),camp_pitch,51.187708,-115.542437,5668569.64795457,462106.48861131043
,POINT (461972.3497570098 5668465.140954372),camp_pitch,51.186759,-115.544346,5668465.140954372,461972.3497570098
,POINT (461910.26788057166 5668562.872834052),camp_pitch,51.187634,-115.545245,5668562.872834052,461910.26788057166
,POINT (461797.56573052076 5668419.858507065),camp_pitch,51.18634,-115.546843,5668419.858507065,461797.56573052076
,POINT (462012.841885946 5668603.023014672),camp_pitch,51.188002,-115.543781,5668603.023014672,462012.841885946
,POINT (461871.01558600744 5668404.193955223),camp_pitch,51.186204,-115.54579,5668404.193955223,461871.01558600744
,POINT (462149.4564511978 5668579.558594305),camp_pitch,51.1878,-115.541823,5668579.558594305,462149.4564511978
,POINT (461989.8056080532 5668492.136717605),camp_pitch,51.187003,-115.544099,5668492.136717605,461989.8056080532
,POINT (461919.47409394 5668673.861318978),camp_pitch,51.188633,-115.545125,5668673.861318978,461919.47409394
,POINT (462137.2230074666 5668625.894581695),camp_pitch,51.188216,-115.542003,5668625.894581695,462137.2230074666
,POINT (461997.639062886 5668701.074387126),camp_pitch,51.188883,-115.544009,5668701.074387126,461997.639062886
,POINT (461844.89792538376 5668452.745919309),camp_pitch,51.186639,-115.546169,5668452.745919309,461844.89792538376
,POINT (461884.56812265073 5668394.644107559),camp_pitch,51.186119,-115.545595,5668394.644107559,461884.56812265073
,POINT (461946.5283572769 5668742.36258915),camp_pitch,51.189251,-115.544745,5668742.36258915,461946.5283572769
,POINT (462201.9248630186 5668560.9407068),camp_pitch,51.187636,-115.54107,5668560.9407068,462201.9248630186
,POINT (462068.2203553891 5668609.617337958),camp_pitch,51.188065,-115.542989,5668609.617337958,462068.2203553891
,POINT (461857.7892439878 5668739.908097749),camp_pitch,51.189223,-115.546015,5668739.908097749,461857.7892439878
,POINT (462219.01840047294 5668652.861915497),camp_pitch,51.188464,-115.540835,5668652.861915497,462219.01840047294
,POINT (461952.5014722919 5668454.726982343),camp_pitch,51.186664,-115.544629,5668454.726982343,461952.5014722919
,POINT (462015.4976009056 5668763.7521556895),camp_pitch,51.189448,-115.54376,5668763.7521556895,462015.4976009056
,POINT (461924.40542633 5668434.369105554),camp_pitch,51.186479,-115.545029,5668434.369105554,461924.40542633
,POINT (462214.6707144918 5668612.65113958),camp_pitch,51.188102,-115.540893,5668612.65113958,462214.6707144918
,POINT (461803.5030510329 5668363.341060021),camp_pitch,51.185832,-115.546752,5668363.341060021,461803.5030510329
,POINT (461886.01042290474 5668758.485987118),camp_pitch,51.189392,-115.545613,5668758.485987118,461886.01042290474
,POINT (462045.43525331543 5668475.828371989),camp_pitch,51.18686,-115.543301,5668475.828371989,462045.43525331543
,POINT (461874.6413863117 5668450.301718136),camp_pitch,51.186619,-115.545743,5668450.301718136,461874.6413863117
,POINT (462090.4313314402 5668627.907229913),camp_pitch,51.188231,-115.542673,5668627.907229913,462090.4313314402
,POINT (462061.61166089063 5668641.79366178),camp_pitch,51.188354,-115.543087,5668641.79366178,462061.61166089063
,POINT (461892.45670202316 5668723.420254945),camp_pitch,51.189077,-115.545517,5668723.420254945,461892.45670202316
,POINT (462201.27014176024 5668623.866518495),camp_pitch,51.188202,-115.541086,5668623.866518495,462201.27014176024
,POINT (462035.1222462416 5668564.505371644),camp_pitch,51.187657,-115.543458,5668564.505371644,462035.1222462416
,POINT (461883.43075303495 5668429.670430925),camp_pitch,51.186434,-115.545615,5668429.670430925,461883.43075303495
,POINT (462092.64225849963 5668615.10660804),camp_pitch,51.188116,-115.54264,5668615.10660804,462092.64225849963
,POINT (461794.22692995943 5668374.860336504),camp_pitch,51.185935,-115.546886,5668374.860336504,461794.22692995943
,POINT (461987.8795155609 5668769.959543256),camp_pitch,51.189502,-115.544156,5668769.959543256,461987.8795155609
,POINT (462045.3117108882 5668534.748250264),camp_pitch,51.18739,-115.543309,5668534.748250264,462045.3117108882
,POINT (461890.0780141089 5668459.302937235),camp_pitch,51.186701,-115.545523,5668459.302937235,461890.0780141089
,POINT (462135.7187343631 5668639.801652639),camp_pitch,51.188341,-115.542026,5668639.801652639,462135.7187343631
,POINT (462093.7024937403 5668550.510256905),camp_pitch,51.187535,-115.542618,5668550.510256905,462093.7024937403
,POINT (461982.3483947772 5668541.772777809),camp_pitch,51.187449,-115.544211,5668541.772777809,461982.3483947772
,POINT (461950.98251765996 5668504.319107605),camp_pitch,51.18711,-115.544656,5668504.319107605,461950.98251765996
,POINT (461994.1835931731 5668753.348872544),camp_pitch,51.189353,-115.544064,5668753.348872544,461994.1835931731
,POINT (462051.7786224153 5668587.3940393645),camp_pitch,51.187864,-115.543222,5668587.3940393645,462051.7786224153
,POINT (461923.6538924456 5668502.631757536),camp_pitch,51.187093,-115.545047,5668502.631757536,461923.6538924456
,POINT (462155.94575700484 5668644.877474896),camp_pitch,51.188388,-115.541737,5668644.877474896,462155.94575700484
,POINT (462116.4374065321 5668554.566910292),camp_pitch,51.187573,-115.542293,5668554.566910292,462116.4374065321
,POINT (462001.74495070206 5668519.506847846),camp_pitch,51.18725,-115.543931,5668519.506847846,462001.74495070206
,POINT (461954.1035950843 5668538.98037026),camp_pitch,51.187422,-115.544615,5668538.98037026,461954.1035950843
,POINT (461986.1417705394 5668610.668793409),camp_pitch,51.188069,-115.544164,5668610.668793409,461986.1417705394
,POINT (461862.6631063313 5668493.079109496),camp_pitch,51.187003,-115.545919,5668493.079109496,461862.6631063313
,POINT (462102.6051539642 5668583.016747815),camp_pitch,51.187828,-115.542494,5668583.016747815,462102.6051539642
,POINT (461979.9683369798 5668446.7418610975),camp_pitch,51.186594,-115.544235,5668446.7418610975,461979.9683369798
,POINT (461889.76390480384 5668548.795427134),camp_pitch,51.187506,-115.545537,5668548.795427134,461889.76390480384
,POINT (462027.39269430767 5668596.245352048),camp_pitch,51.187942,-115.543572,5668596.245352048,462027.39269430767
,POINT (461788.40423961397 5668437.380011374),camp_pitch,51.186497,-115.546976,5668437.380011374,461788.40423961397
,POINT (461860.207079602 5668378.705579856),camp_pitch,51.185974,-115.545942,5668378.705579856,461860.207079602
,POINT (462174.7971908819 5668586.486666596),camp_pitch,51.187864,-115.541461,5668586.486666596,462174.7971908819
,POINT (461961.129976909 5668497.240375854),camp_pitch,51.187047,-115.54451,5668497.240375854,461961.129976909
,POINT (461920.7278208081 5668654.508806176),camp_pitch,51.188459,-115.545105,5668654.508806176,461920.7278208081
,POINT (462114.47612823825 5668620.17041023),camp_pitch,51.188163,-115.542328,5668620.17041023,462114.47612823825
,POINT (461859.51362475683 5668464.087670865),camp_pitch,51.186742,-115.545961,5668464.087670865,461859.51362475683
,POINT (462005.04122040246 5668681.787579131),camp_pitch,51.18871,-115.543901,5668681.787579131,462005.04122040246
,POINT (461840.9430404613 5668428.2071907455),camp_pitch,51.186418,-115.546223,5668428.2071907455,461840.9430404613
,POINT (462180.8609043476 5668556.093198407),camp_pitch,51.187591,-115.541371,5668556.093198407,462180.8609043476
,POINT (461974.695034203 5668687.570541023),camp_pitch,51.18876,-115.544336,5668687.570541023,461974.695034203
,POINT (462232.2485433011 5668627.974191624),camp_pitch,51.188241,-115.540643,5668627.974191624,462232.2485433011
,POINT (462026.7130032616 5668787.792662749),camp_pitch,51.189665,-115.543602,5668787.792662749,462026.7130032616
,POINT (461962.3579641277 5668436.644790806),camp_pitch,51.186502,-115.544486,5668436.644790806,461962.3579641277
,POINT (461914.176728478 5668411.655518717),camp_pitch,51.186274,-115.545173,5668411.655518717,461914.176728478
,POINT (461889.296332076 5668768.2443840755),camp_pitch,51.18948,-115.545567,5668768.2443840755,461889.296332076
,POINT (462220.154609754 5668598.381319377),camp_pitch,51.187974,-115.540813,5668598.381319377,462220.154609754
,POINT (461905.3968837382 5668744.446173038),camp_pitch,51.189267,-115.545334,5668744.446173038,461905.3968837382
,POINT (462037.1935096435 5668495.010147158),camp_pitch,51.187032,-115.543421,5668495.010147158,462037.1935096435
,POINT (461944.98813192855 5668468.456287315),camp_pitch,51.186787,-115.544738,5668468.456287315,461944.98813192855
,POINT (462111.0825070478 5668633.646753295),camp_pitch,51.188284,-115.542378,5668633.646753295,462111.0825070478
,POINT (462002.87931399414 5668568.968161935),camp_pitch,51.187695,-115.54392,5668568.968161935,462002.87931399414
,POINT (461999.9501475868 5668550.758298408),camp_pitch,51.187531,-115.54396,5668550.758298408,461999.9501475868
,POINT (462124.52912954934 5668609.757660902),camp_pitch,51.18807,-115.542183,5668609.757660902,462124.52912954934
,POINT (461804.7530278127 5668399.906005224),camp_pitch,51.186161,-115.546738,5668399.906005224,461804.7530278127
,POINT (461949.0320445421 5668769.135511288),camp_pitch,51.189492,-115.544712,5668769.135511288,461949.0320445421
,POINT (462072.30670694023 5668595.357675739),camp_pitch,51.187937,-115.542929,5668595.357675739,462072.30670694023
,POINT (461905.78825231374 5668467.523997853),camp_pitch,51.186776,-115.545299,5668467.523997853,461905.78825231374
,POINT (462159.4167929275 5668660.860073534),camp_pitch,51.188532,-115.541689,5668660.860073534,462159.4167929275
,POINT (462085.00378556544 5668498.325566946),camp_pitch,51.187065,-115.542737,5668498.325566946,462085.00378556544
,POINT (462035.07379312697 5668548.497556355),camp_pitch,51.187513,-115.543457,5668548.497556355,462035.07379312697
,POINT (461934.15933590615 5668525.00980922),camp_pitch,51.187295,-115.544899,5668525.00980922,461934.15933590615
,POINT (461973.8656042536 5668584.968708975),camp_pitch,51.187837,-115.544337,5668584.968708975,461973.8656042536
,POINT (461878.87632049725 5668503.186207555),camp_pitch,51.187095,-115.545688,5668503.186207555,461878.87632049725
,POINT (462081.36711269594 5668564.052613163),camp_pitch,51.187656,-115.542796,5668564.052613163,462081.36711269594
,POINT (462141.16559733404 5668544.712991946),camp_pitch,51.187486,-115.541938,5668544.712991946,462141.16559733404
,POINT (462024.8679935975 5668528.785116981),camp_pitch,51.187335,-115.543601,5668528.785116981,462024.8679935975
,POINT (461979.30451459426 5668574.145162105),camp_pitch,51.18774,-115.544258,5668574.145162105,461979.30451459426
,POINT (461988.35487859964 5668815.312538318),camp_pitch,51.18991,-115.544154,5668815.312538318,461988.35487859964
,POINT (461824.6834674322 5668374.300402345),camp_pitch,51.185932,-115.54645,5668374.300402345,461824.6834674322
,POINT (462126.4373291779 5668574.83688474),camp_pitch,51.187756,-115.542152,5668574.83688474,462126.4373291779
,POINT (462002.5484965791 5668458.136240755),camp_pitch,51.186698,-115.543913,5668458.136240755,462002.5484965791
,POINT (461935.54149084206 5668560.684460967),camp_pitch,51.187616,-115.544883,5668560.684460967,461935.54149084206
,POINT (462007.44980353746 5668620.182749327),camp_pitch,51.188156,-115.54386,5668620.182749327,462007.44980353746
,POINT (461775.79843957664 5668405.123935299),camp_pitch,51.186206,-115.547153,5668405.123935299,461775.79843957664
,POINT (461826.74470410607 5668416.640053552),camp_pitch,51.186313,-115.546425,5668416.640053552,461826.74470410607
,POINT (462143.98010359204 5668594.828946701),camp_pitch,51.187937,-115.541903,5668594.828946701,462143.98010359204
,POINT (461945.41345471743 5668657.88323052),camp_pitch,51.188491,-115.544752,5668657.88323052,461945.41345471743
,POINT (462177.6331978564 5668620.594310648),camp_pitch,51.188171,-115.541424,5668620.594310648,462177.6331978564
,POINT (461833.43594931456 5668470.951438639),camp_pitch,51.186802,-115.546335,5668470.951438639,461833.43594931456
,POINT (462007.2935691567 5668816.284091669),camp_pitch,51.18992,-115.543883,5668816.284091669,462007.2935691567
,POINT (461889.81881337945 5668414.948872815),camp_pitch,51.186302,-115.545522,5668414.948872815,461889.81881337945
,POINT (462219.4967234554 5668565.925152747),camp_pitch,51.187682,-115.540819,5668565.925152747,462219.4967234554
,POINT (461927.60787456 5668762.735364693),camp_pitch,51.189433,-115.545018,5668762.735364693,461927.60787456
,POINT (462066.514081493 5668624.526433617),camp_pitch,51.188199,-115.543015,5668624.526433617,462066.514081493
,POINT (461885.6515538328 5668738.367252353),camp_pitch,51.189211,-115.545616,5668738.367252353,461885.6515538328
,POINT (462197.4686105695 5668638.902153425),camp_pitch,51.188337,-115.541142,5668638.902153425,462197.4686105695
,POINT (462016.916544037 5668558.859233853),camp_pitch,51.187605,-115.543718,5668558.859233853,462016.916544037
,POINT (461932.77767218015 5668423.412602894),camp_pitch,51.186381,-115.544908,5668423.412602894,461932.77767218015
,POINT (461816.13912539894 5668352.686167882),camp_pitch,51.185737,-115.54657,5668352.686167882,461816.13912539894
,POINT (462238.04455490486 5668599.139110383),camp_pitch,51.187982,-115.540557,5668599.139110383,462238.04455490486
,POINT (461852.47016194806 5668757.400968556),camp_pitch,51.18938,-115.546093,5668757.400968556,461852.47016194806
,POINT (462053.01672499604 5668518.571983766),camp_pitch,51.187245,-115.543197,5668518.571983766,462053.01672499604
,POINT (461898.4482708716 5668438.674785388),camp_pitch,51.186516,-115.545401,5668438.674785388,461898.4482708716
,POINT (462088.33703952184 5668647.043560966),camp_pitch,51.188403,-115.542705,5668647.043560966,462088.33703952184
,POINT (462104.42300743615 5668535.868166295),camp_pitch,51.187404,-115.542463,5668535.868166295,462104.42300743615
,POINT (461991.0616479936 5668529.702165017),camp_pitch,51.187341,-115.544085,5668529.702165017,461991.0616479936
,POINT (461942.1386568135 5668517.613602967),camp_pitch,51.187229,-115.544784,5668517.613602967,461942.1386568135
,POINT (461963.38743151654 5668754.910855644),camp_pitch,51.189365,-115.544505,5668754.910855644,461963.38743151654
,POINT (462056.84307350655 5668554.228601753),camp_pitch,51.187566,-115.543146,5668554.228601753,462056.84307350655
,POINT (461932.37037239695 5668491.005692694),camp_pitch,51.186989,-115.544921,5668491.005692694,461932.37037239695
,POINT (462177.98900420003 5668649.940002346),camp_pitch,51.188435,-115.541422,5668649.940002346,462177.98900420003
,POINT (462061.70690841787 5668541.186035923),camp_pitch,51.187449,-115.543075,5668541.186035923,462061.70690841787
,POINT (462011.18726822163 5668502.094819799),camp_pitch,51.187094,-115.543794,5668502.094819799,462011.18726822163
,POINT (461956.9146206143 5668560.081449534),camp_pitch,51.187612,-115.544577,5668560.081449534,461956.9146206143
,POINT (461993.35665844474 5668594.384891264),camp_pitch,51.187923,-115.544059,5668594.384891264,461993.35665844474
,POINT (461873.2351222009 5668477.325954728),camp_pitch,51.186862,-115.545766,5668477.325954728,461873.2351222009
,POINT (462134.9972147518 5668560.877796327),camp_pitch,51.187631,-115.542028,5668560.877796327,462134.9972147518
,POINT (462013.8722716554 5668487.289637212),camp_pitch,51.186961,-115.543754,5668487.289637212,462013.8722716554
,POINT (461897.83171754936 5668534.506083979),camp_pitch,51.187378,-115.54542,5668534.506083979,461897.83171754936
,POINT (461951.75529399724 5668806.690098693),camp_pitch,51.18983,-115.544677,5668806.690098693,461951.75529399724
,POINT (461848.5572751551 5668390.464717528),camp_pitch,51.186079,-115.54611,5668390.464717528,461848.5572751551
,POINT (462168.4036288217 5668600.540900431),camp_pitch,51.18799,-115.541554,5668600.540900431,462168.4036288217
,POINT (461970.58372179186 5668481.384538232),camp_pitch,51.186905,-115.544373,5668481.384538232,461970.58372179186
,POINT (461954.21994284255 5668573.552722945),camp_pitch,51.187733,-115.544617,5668573.552722945,461954.21994284255
,POINT (462030.66196413734 5668632.128410451),camp_pitch,51.188265,-115.543529,5668632.128410451,462030.66196413734
,POINT (461857.65954722086 5668440.200339369),camp_pitch,51.186527,-115.545985,5668440.200339369,461857.65954722086
,POINT (461845.3369320346 5668408.386666786),camp_pitch,51.18624,-115.546158,5668408.386666786,461845.3369320346
,POINT (462203.0962402936 5668577.718429455),camp_pitch,51.187787,-115.541055,5668577.718429455,462203.0962402936
,POINT (461979.44999923557 5668669.303804942),camp_pitch,51.188596,-115.544266,5668669.303804942,461979.44999923557
,POINT (462179.90761644184 5668635.362887011),camp_pitch,51.188304,-115.541393,5668635.362887011,462179.90761644184
,POINT (461812.9665483244 5668452.205024046),camp_pitch,51.186632,-115.546626,5668452.205024046,461812.9665483244
,POINT (462031.7071728458 5668811.323339901),camp_pitch,51.189877,-115.543533,5668811.323339901,462031.7071728458
,POINT (461907.91100254864 5668424.041612881),camp_pitch,51.186385,-115.545264,5668424.041612881,461907.91100254864
,POINT (462198.3125766593 5668592.205450075),camp_pitch,51.187917,-115.541125,5668592.205450075,462198.3125766593
,POINT (461934.4353539436 5668750.7897920245),camp_pitch,51.189326,-115.544919,5668750.7897920245,461934.4353539436
,POINT (461899.02463863813 5668751.830522366),camp_pitch,51.189333,-115.545426,5668751.830522366,461899.02463863813
,POINT (462066.4124947955 5668487.790712815),camp_pitch,51.186969,-115.543002,5668487.790712815,462066.4124947955
,POINT (461916.65468700154 5668727.0204915125),camp_pitch,51.189111,-115.545171,5668727.0204915125,461916.65468700154
,POINT (462199.04603801854 5668653.898203262),camp_pitch,51.188472,-115.541121,5668653.898203262,462199.04603801854
,POINT (462024.04612821544 5668578.260896691),camp_pitch,51.18778,-115.543618,5668578.260896691,462024.04612821544
,POINT (462009.3802232559 5668588.374455794),camp_pitch,51.18787,-115.543829,5668588.374455794,462009.3802232559
,POINT (461819.28679861955 5668390.793359771),camp_pitch,51.18608,-115.546529,5668390.793359771,461819.28679861955
,POINT (462098.9098254437 5668602.9430602025),camp_pitch,51.188007,-115.542549,5668602.9430602025,462098.9098254437
,POINT (461980.2850100357 5668763.234510676),camp_pitch,51.189441,-115.544264,5668763.234510676,461980.2850100357
,POINT (462077.5601388464 5668578.310204265),camp_pitch,51.187784,-115.542852,5668578.310204265,462077.5601388464
,POINT (462121.91617704416 5668539.630014694),camp_pitch,51.187439,-115.542213,5668539.630014694,462121.91617704416
,POINT (464930.7488491928 5672769.730172284),camp_pitch,51.22567,-115.502421,5672769.730172284,464930.7488491928
,POINT (465151.56940159376 5672548.4465322625),camp_pitch,51.223693,-115.499236,5672548.4465322625,465151.56940159376
,POINT (464872.84845737385 5672785.245171952),camp_pitch,51.225806,-115.503252,5672785.245171952,464872.84845737385
,POINT (465107.0132429542 5672442.917670387),camp_pitch,51.222741,-115.499864,5672442.917670387,465107.0132429542
,POINT (464933.6674256166 5672757.592922299),camp_pitch,51.225561,-115.502378,5672757.592922299,464933.6674256166
,POINT (465154.0661131208 5672350.773292749),camp_pitch,51.221915,-115.499181,5672350.773292749,465154.0661131208
,POINT (465108.858056866 5672683.361057434),camp_pitch,51.224904,-115.499861,5672683.361057434,465108.858056866
,POINT (465132.87197392987 5672683.531282455),camp_pitch,51.224907,-115.499517,5672683.531282455,465132.87197392987
,POINT (464939.0533180233 5672667.287805713),camp_pitch,51.224749,-115.502292,5672667.287805713,464939.0533180233
,POINT (464894.6304127006 5672816.334233387),camp_pitch,51.226087,-115.502943,5672816.334233387,464894.6304127006
,POINT (464929.03892709094 5672785.0830290215),camp_pitch,51.225808,-115.502447,5672785.0830290215,464929.03892709094
,POINT (465170.14046371233 5672579.669725061),camp_pitch,51.223975,-115.498973,5672579.669725061,465170.14046371233
,POINT (464885.01965450845 5672758.370379626),camp_pitch,51.225565,-115.503075,5672758.370379626,464885.01965450845
,POINT (465111.2408369284 5672417.8761702515),camp_pitch,51.222516,-115.499801,5672417.8761702515,465111.2408369284
,POINT (465164.1256464932 5672310.684591167),camp_pitch,51.221555,-115.499033,5672310.684591167,465164.1256464932
,POINT (465077.14061854087 5672659.008798987),camp_pitch,51.224683,-115.500313,5672659.008798987,465077.14061854087
,POINT (464858.77269828715 5672737.872892788),camp_pitch,51.225379,-115.503449,5672737.872892788,464858.77269828715
,POINT (465151.146428116 5672701.97212716),camp_pitch,51.225074,-115.499257,5672701.97212716,465151.146428116
,POINT (464929.31027854676 5672630.780183216),camp_pitch,51.22442,-115.502428,5672630.780183216,464929.31027854676
,POINT (464873.6346349057 5672859.277605775),camp_pitch,51.226472,-115.503248,5672859.277605775,464873.6346349057
,POINT (464927.55361621117 5672802.657708628),camp_pitch,51.225966,-115.50247,5672802.657708628,464927.55361621117
,POINT (465156.1422460995 5672594.772435905),camp_pitch,51.22411,-115.499175,5672594.772435905,465156.1422460995
,POINT (464922.23547336203 5672708.868390103),camp_pitch,51.225122,-115.502537,5672708.868390103,464922.23547336203
,POINT (465114.8341798589 5672391.949645731),camp_pitch,51.222283,-115.499747,5672391.949645731,465114.8341798589
,POINT (464911.7552899719 5672697.267439621),camp_pitch,51.225017,-115.502686,5672697.267439621,464911.7552899719
,POINT (465112.0170308253 5672727.028523787),camp_pitch,51.225297,-115.49982,5672727.028523787,465112.0170308253
,POINT (464881.38951497077 5672697.14173136),camp_pitch,51.225014,-115.503121,5672697.14173136,464881.38951497077
,POINT (464988.08662575344 5672641.050804599),camp_pitch,51.224516,-115.501587,5672641.050804599,464988.08662575344
,POINT (465146.89897587406 5672611.065724179),camp_pitch,51.224256,-115.499309,5672611.065724179,465146.89897587406
,POINT (464885.42282376986 5672735.689372627),camp_pitch,51.225361,-115.503067,5672735.689372627,464885.42282376986
,POINT (464850.1254670391 5672810.413603434),camp_pitch,51.226031,-115.50358,5672810.413603434,464850.1254670391
,POINT (465143.9207092428 5672645.325640483),camp_pitch,51.224564,-115.499355,5672645.325640483,465143.9207092428
,POINT (464876.03687393916 5672802.343193829),camp_pitch,51.22596,-115.503208,5672802.343193829,464876.03687393916
,POINT (465125.4967264307 5672481.700707975),camp_pitch,51.223091,-115.499603,5672481.700707975,465125.4967264307
,POINT (464911.3637129975 5672742.070768494),camp_pitch,51.22542,-115.502696,5672742.070768494,464911.3637129975
,POINT (465119.90406043734 5672367.569434834),camp_pitch,51.222064,-115.499672,5672367.569434834,465119.90406043734
,POINT (465120.96853577363 5672626.805455335),camp_pitch,51.224396,-115.499682,5672626.805455335,465120.96853577363
,POINT (465119.13294964493 5672695.630808424),camp_pitch,51.225015,-115.499715,5672695.630808424,465119.13294964493
,POINT (464934.2149705975 5672735.577941819),camp_pitch,51.225363,-115.502368,5672735.577941819,464934.2149705975
,POINT (465143.3538096734 5672674.9001274),camp_pitch,51.22483,-115.499366,5672674.9001274,465143.3538096734
,POINT (464894.7262991549 5672667.146289012),camp_pitch,51.224745,-115.502927,5672667.146289012,464894.7262991549
,POINT (464966.11134847696 5672683.889287498),camp_pitch,51.2249,-115.501906,5672683.889287498,464966.11134847696
,POINT (464922.3223633498 5672680.742327339),camp_pitch,51.224869,-115.502533,5672680.742327339,464922.3223633498
,POINT (464917.9042057973 5672830.849167546),camp_pitch,51.226219,-115.502611,5672830.849167546,464917.9042057973
,POINT (464913.31690968154 5672762.289961174),camp_pitch,51.225602,-115.50267,5672762.289961174,464913.31690968154
,POINT (465168.1685996406 5672556.560215447),camp_pitch,51.223767,-115.498999,5672556.560215447,465168.1685996406
,POINT (464846.2069742092 5672788.651548169),camp_pitch,51.225835,-115.503634,5672788.651548169,464846.2069742092
,POINT (465129.40360007953 5672450.547174937),camp_pitch,51.222811,-115.499544,5672450.547174937,465129.40360007953
,POINT (465131.7797632647 5672327.690653602),camp_pitch,51.221706,-115.499498,5672327.690653602,465131.7797632647
,POINT (465090.61818212 5672670.033845615),camp_pitch,51.224783,-115.500121,5672670.033845615,465090.61818212
,POINT (465160.1650393429 5672683.457012343),camp_pitch,51.224908,-115.499126,5672683.457012343,465160.1650393429
,POINT (464916.3713359345 5672647.543835037),camp_pitch,51.22457,-115.502615,5672647.543835037,464916.3713359345
,POINT (464896.5347696714 5672860.010182111),camp_pitch,51.22648,-115.50292,5672860.010182111,464896.5347696714
,POINT (464907.6571691458 5672771.66677827),camp_pitch,51.225686,-115.502752,5672771.66677827,464907.6571691458
,POINT (465152.2780959645 5672570.564106528),camp_pitch,51.223892,-115.499228,5672570.564106528,465152.2780959645
,POINT (464848.498862095 5672756.397153615),camp_pitch,51.225545,-115.503598,5672756.397153615,464848.498862095
,POINT (465134.25908506615 5672415.162825033),camp_pitch,51.222493,-115.499471,5672415.162825033,465134.25908506615
,POINT (465139.07334076747 5672291.511572819),camp_pitch,51.221381,-115.49939,5672291.511572819,465139.07334076747
,POINT (465061.7818382588 5672669.007317459),camp_pitch,51.224772,-115.500534,5672669.007317459,465061.7818382588
,POINT (465146.88283797976 5672690.884312868),camp_pitch,51.224974,-115.499317,5672690.884312868,465146.88283797976
,POINT (464867.72267779877 5672719.691224131),camp_pitch,51.225216,-115.503319,5672719.691224131,464867.72267779877
,POINT (464938.9527405314 5672621.932011421),camp_pitch,51.224341,-115.502289,5672621.932011421,464938.9527405314
,POINT (464851.9568045503 5672833.190474082),camp_pitch,51.226236,-115.503556,5672833.190474082,464851.9568045503
,POINT (465138.0523685686 5672634.359905695),camp_pitch,51.224465,-115.499438,5672634.359905695,465138.0523685686
,POINT (464898.2094156291 5672788.5177698005),camp_pitch,51.225837,-115.502889,5672788.5177698005,464898.2094156291
,POINT (465093.8772224421 5672471.910653947),camp_pitch,51.223001,-115.500055,5672471.910653947,465093.8772224421
,POINT (464951.21738258546 5672721.009922861),camp_pitch,51.225233,-115.502123,5672721.009922861,464951.21738258546
,POINT (465143.1388678763 5672386.421203631),camp_pitch,51.222235,-115.499341,5672386.421203631,465143.1388678763
,POINT (465152.41420711344 5672631.705465404),camp_pitch,51.224442,-115.499232,5672631.705465404,465152.41420711344
,POINT (464913.67519394914 5672722.822916522),camp_pitch,51.225247,-115.502661,5672722.822916522,464913.67519394914
,POINT (465156.6416700954 5672658.023517075),camp_pitch,51.224679,-115.499174,5672658.023517075,465156.6416700954
,POINT (464975.3872833857 5672662.259384333),camp_pitch,51.224706,-115.501771,5672662.259384333,464975.3872833857
,POINT (464886.2053871468 5672676.653876366),camp_pitch,51.22483,-115.50305,5672676.653876366,464886.2053871468
,POINT (464302.05024356523 5673204.064914447),camp_pitch,51.229538,-115.511471,5673204.064914447,464302.05024356523
,POINT (464384.9611201774 5673474.182848022),camp_pitch,51.231973,-115.51031,5673474.182848022,464384.9611201774
,POINT (464519.73906789423 5673515.38135697),camp_pitch,51.232352,-115.508383,5673515.38135697,464519.73906789423
,POINT (464781.37132900784 5673220.338987356),camp_pitch,51.2297142,-115.5046053,5673220.338987356,464781.37132900784
,POINT (464446.0412247721 5673274.323477095),camp_pitch,51.230179,-115.509415,5673274.323477095,464446.0412247721
,POINT (464919.72720691515 5673189.2420592485),camp_pitch,51.229443,-115.50262,5673189.2420592485,464919.72720691515
,POINT (464387.413388963 5673224.259919676),camp_pitch,51.229725,-115.51025,5673224.259919676,464387.413388963
,POINT (464381.09143143054 5673379.2721485775),camp_pitch,51.231119,-115.510356,5673379.2721485775,464381.09143143054
,POINT (464581.09377131204 5673555.711472028),camp_pitch,51.2327186,-115.5075079,5673555.711472028,464581.09377131204
,POINT (464754.36081600614 5673287.525483627),camp_pitch,51.2303169,-115.5049989,5673287.525483627,464754.36081600614
,POINT (464444.53870893794 5673319.356965999),camp_pitch,51.230584,-115.509441,5673319.356965999,464444.53870893794
,POINT (464159.8347786126 5673038.860379088),camp_pitch,51.228043,-115.513492,5673038.860379088,464159.8347786126
,POINT (464445.41657393385 5673425.8499145685),camp_pitch,51.231542,-115.509439,5673425.8499145685,464445.41657393385
,POINT (464557.09476508043 5673548.028809097),camp_pitch,51.232648,-115.507851,5673548.028809097,464557.09476508043
,POINT (464422.44524125615 5673384.321178509),camp_pitch,51.231167,-115.509764,5673384.321178509,464422.44524125615
,POINT (464500.7162178053 5673308.07334773),camp_pitch,51.230486,-115.508635,5673308.07334773,464500.7162178053
,POINT (464591.2276552578 5673326.2350626085),camp_pitch,51.230655,-115.50734,5673326.2350626085,464591.2276552578
,POINT (464009.0162764146 5673290.267145655),camp_pitch,51.230295,-115.515678,5673290.267145655,464009.0162764146
,POINT (464252.7181859036 5673076.009350629),camp_pitch,51.228383,-115.512165,5673076.009350629,464252.7181859036
,POINT (464634.53564094007 5673552.8969576135),camp_pitch,51.2326966,-115.5067419,5673552.8969576135,464634.53564094007
,POINT (464464.5134549124 5673482.4132911395),camp_pitch,51.232052,-115.509171,5673482.4132911395,464464.5134549124
,POINT (464307.74148483947 5672988.803902401),camp_pitch,51.227602,-115.511368,5672988.803902401,464307.74148483947
,POINT (464731.543663028 5673329.036837017),camp_pitch,51.2306889,-115.5053299,5673329.036837017,464731.543663028
,POINT (464027.69870839687 5673217.320920988),camp_pitch,51.22964,-115.515403,5673217.320920988,464027.69870839687
,POINT (464286.953567764 5673100.894850619),camp_pitch,51.228609,-115.511677,5673100.894850619,464286.953567764
,POINT (464610.0327153051 5673602.6469575185),camp_pitch,51.2331426,-115.5070979,5673602.6469575185,464610.0327153051
,POINT (464820.46878124063 5673400.007177618),camp_pitch,51.2313328,-115.5040628,5673400.007177618,464820.46878124063
,POINT (464317.9844234047 5673076.555409746),camp_pitch,51.228392,-115.51123,5673076.555409746,464317.9844234047
,POINT (464142.97495421243 5673280.02407505),camp_pitch,51.2302113,-115.5137577,5673280.02407505,464142.97495421243
,POINT (464039.9141515552 5673346.857357764),camp_pitch,51.230806,-115.515241,5673346.857357764,464039.9141515552
,POINT (464615.51258352655 5673040.343412934),camp_pitch,51.2280848,-115.5069638,5673040.343412934,464615.51258352655
,POINT (464225.9493733579 5672930.788129506),camp_pitch,51.227075,-115.512534,5672930.788129506,464225.9493733579
,POINT (464842.8547626883 5673440.118722226),camp_pitch,51.231695,-115.503746,5673440.118722226,464842.8547626883
,POINT (464148.2923875187 5673331.791262891),camp_pitch,51.2306773,-115.5136867,5673331.791262891,464148.2923875187
,POINT (464046.3491183864 5673259.211716139),camp_pitch,51.230018,-115.51514,5673259.211716139,464046.3491183864
,POINT (464577.4138006356 5673036.004028327),camp_pitch,51.2280434,-115.5075092,5673036.004028327,464577.4138006356
,POINT (464668.93638584495 5673661.271057957),camp_pitch,51.2336736,-115.5062597,5673661.271057957,464668.93638584495
,POINT (464309.7446842081 5672945.656757216),camp_pitch,51.227214,-115.511335,5672945.656757216,464309.7446842081
,POINT (464516.5655856427 5673440.031344769),camp_pitch,51.231674,-115.508421,5673440.031344769,464516.5655856427
,POINT (464182.6280900839 5673374.206580029),camp_pitch,51.231061,-115.513199,5673374.206580029,464182.6280900839
,POINT (464090.44410061865 5673266.795735872),camp_pitch,51.230089,-115.514509,5673266.795735872,464090.44410061865
,POINT (464587.9449203299 5673133.825859816),camp_pitch,51.228924,-115.507368,5673133.825859816,464587.9449203299
,POINT (464723.73741982906 5673632.990607974),camp_pitch,51.2334226,-115.5054717,5673632.990607974,464723.73741982906
,POINT (464236.34453977854 5672950.058885074),camp_pitch,51.227249,-115.512387,5672950.058885074,464236.34453977854
,POINT (465005.8185414397 5673255.132370667),camp_pitch,51.230041,-115.501393,5673255.132370667,465005.8185414397
,POINT (464284.7974154824 5673359.5869374005),camp_pitch,51.2309359,-115.5117337,5673359.5869374005,464284.7974154824
,POINT (464633.33975702577 5673238.7887563165),camp_pitch,51.229871,-115.506728,5673238.7887563165,464633.33975702577
,POINT (464740.5671893634 5673730.869525028),camp_pitch,51.2343041,-115.5052402,5673730.869525028,464740.5671893634
,POINT (463912.64457949245 5672955.438755879),camp_pitch,51.227277,-115.517025,5672955.438755879,463912.64457949245
,POINT (464959.3932307313 5673192.305949279),camp_pitch,51.229473,-115.502052,5673192.305949279,464959.3932307313
,POINT (464090.1519237163 5673424.434257337),camp_pitch,51.231507,-115.514529,5673424.434257337,464090.1519237163
,POINT (464635.72834536934 5673180.297908001),camp_pitch,51.229345,-115.506688,5673180.297908001,464635.72834536934
,POINT (464201.37997710204 5673030.899653294),camp_pitch,51.227974,-115.512896,5673030.899653294,464201.37997710204
,POINT (464978.4240029685 5673301.23171925),camp_pitch,51.230454,-115.50179,5673301.23171925,464978.4240029685
,POINT (464753.73758073826 5673622.356765254),camp_pitch,51.2333288,-115.5050408,5673622.356765254,464753.73758073826
,POINT (463993.3571432012 5673028.24251317),camp_pitch,51.227937,-115.515876,5673028.24251317,463993.3571432012
,POINT (464268.112654199 5673432.195899627),camp_pitch,51.231588,-115.51198,5673432.195899627,464268.112654199
,POINT (464087.89035390125 5673176.2004521405),camp_pitch,51.2292739,-115.5145365,5673176.2004521405,464087.89035390125
,POINT (464608.594396767 5673223.2847576775),camp_pitch,51.22973,-115.507081,5673223.2847576775,464608.594396767
,POINT (464185.6979581888 5673114.162871077),camp_pitch,51.228722,-115.513129,5673114.162871077,464185.6979581888
,POINT (464950.06806470803 5673349.561152495),camp_pitch,51.230887,-115.502201,5673349.561152495,464950.06806470803
,POINT (464808.2397206811 5673570.733995346),camp_pitch,51.2328678,-115.5042548,5673570.733995346,464808.2397206811
,POINT (463967.5752410363 5672984.845649646),camp_pitch,51.227545,-115.516241,5672984.845649646,463967.5752410363
,POINT (464299.52601692814 5673299.675941194),camp_pitch,51.2303979,-115.5115167,5673299.675941194,464299.52601692814
,POINT (464121.24129367515 5673368.966081724),camp_pitch,51.23101,-115.514078,5673368.966081724,464121.24129367515
,POINT (464365.17338303773 5673107.354405126),camp_pitch,51.228672,-115.510557,5673107.354405126,464365.17338303773
,POINT (464193.2868156015 5673221.38712367),camp_pitch,51.229687,-115.513031,5673221.38712367,464193.2868156015
,POINT (464901.35403060354 5673360.232921584),camp_pitch,51.23098,-115.5029,5673360.232921584,464901.35403060354
,POINT (464769.1760723148 5673730.117056358),camp_pitch,51.2342991,-115.5048302,5673730.117056358,464769.1760723148
,POINT (464017.77700427803 5673116.338656103),camp_pitch,51.228731,-115.515535,5673116.338656103,464017.77700427803
,POINT (464389.8767611971 5673448.35770888),camp_pitch,51.231741,-115.510237,5673448.35770888,464389.8767611971
,POINT (464773.0140259743 5673689.4031757815),camp_pitch,51.2339331,-115.5047712,5673689.4031757815,464773.0140259743
,POINT (464102.39396360226 5673154.198797133),camp_pitch,51.2290769,-115.5143265,5673154.198797133,464102.39396360226
,POINT (464560.7153671976 5673263.969364501),camp_pitch,51.230093,-115.507771,5673263.969364501,464560.7153671976
,POINT (464196.72621472273 5673244.15258014),camp_pitch,51.229892,-115.512984,5673244.15258014,464196.72621472273
,POINT (464275.05235743546 5673196.026453716),camp_pitch,51.229464,-115.511857,5673196.026453716,464275.05235743546
,POINT (464364.50756972097 5673483.66305248),camp_pitch,51.232057,-115.510604,5673483.66305248,464364.50756972097
,POINT (464540.3394224455 5673517.017567362),camp_pitch,51.232368,-115.508088,5673517.017567362,464540.3394224455
,POINT (464798.8297526875 5673221.664319296),camp_pitch,51.2297272,-115.5043553,5673221.664319296,464798.8297526875
,POINT (464356.80805735145 5673249.48534013),camp_pitch,51.22995,-115.510691,5673249.48534013,464356.80805735145
,POINT (464916.30087475077 5673167.921249751),camp_pitch,51.229251,-115.502667,5673167.921249751,464916.30087475077
,POINT (464372.2373836995 5673240.040017215),camp_pitch,51.229866,-115.510469,5673240.040017215,464372.2373836995
,POINT (464354.5532617523 5673387.015959119),camp_pitch,51.231187,-115.510737,5673387.015959119,464354.5532617523
,POINT (464589.814327044 5673545.09028259),camp_pitch,51.2326236,-115.5073819,5673545.09028259,464589.814327044
,POINT (464771.14014260645 5673265.209952681),camp_pitch,51.2301172,-115.5047563,5673265.209952681,464771.14014260645
,POINT (464421.3417267619 5673263.478001144),camp_pitch,51.2300799,-115.5097678,5673263.478001144,464421.3417267619
,POINT (464178.79762401053 5673025.610076077),camp_pitch,51.227925,-115.513219,5673025.610076077,464178.79762401053
,POINT (464431.1818392031 5673436.398420845),camp_pitch,51.231636,-115.509644,5673436.398420845,464431.1818392031
,POINT (464538.76732764125 5673572.278983909),camp_pitch,51.232865,-115.508116,5673572.278983909,464538.76732764125
,POINT (464438.1699813417 5673387.324826349),camp_pitch,51.231195,-115.509539,5673387.324826349,464438.1699813417
,POINT (464505.3889235568 5673327.717755655),camp_pitch,51.230663,-115.50857,5673327.717755655,464505.3889235568
,POINT (464587.27464392805 5673299.582023913),camp_pitch,51.230415,-115.507394,5673299.582023913,464587.27464392805
,POINT (464021.8675705834 5673271.611892085),camp_pitch,51.230128,-115.515492,5673271.611892085,464021.8675705834
,POINT (464262.92863134743 5673068.823442169),camp_pitch,51.228319,-115.512018,5673068.823442169,464262.92863134743
,POINT (464638.72373932315 5673563.095541249),camp_pitch,51.2327886,-115.5066829,5673563.095541249,464638.72373932315
,POINT (464465.10707718285 5673457.2851859),camp_pitch,51.231826,-115.50916,5673457.2851859,464465.10707718285
,POINT (464289.2551442392 5673000.382884088),camp_pitch,51.227705,-115.511634,5673000.382884088,464289.2551442392
,POINT (464717.3599189999 5673316.683575036),camp_pitch,51.2305769,-115.5055319,5673316.683575036,464717.3599189999
,POINT (465011.97391715023 5673298.001200766),camp_pitch,51.230427,-115.501309,5673298.001200766,465011.97391715023
,POINT (464000.10826594423 5673234.30089923),camp_pitch,51.229791,-115.5158,5673234.30089923,464000.10826594423
,POINT (464280.093220347 5673118.062508323),camp_pitch,51.228763,-115.511777,5673118.062508323,464280.093220347
,POINT (464597.52439954324 5673600.398761881),camp_pitch,51.2331216,-115.5072769,5673600.398761881,464597.52439954324
,POINT (464795.7747182343 5673381.611567067),camp_pitch,51.2311658,-115.5044148,5673381.611567067,464795.7747182343
,POINT (464201.13325974793 5672995.549921873),camp_pitch,51.227656,-115.512896,5672995.549921873,464201.13325974793
,POINT (464165.43362326565 5673277.754914386),camp_pitch,51.2301923,-115.5134357,5673277.754914386,464165.43362326565
,POINT (464018.241869878 5673341.784454304),camp_pitch,51.230759,-115.515551,5673341.784454304,464018.241869878
,POINT (464625.9490266251 5673055.723777556),camp_pitch,51.2282238,-115.5068158,5673055.723777556,464625.9490266251
,POINT (464327.680999264 5673095.83120744),camp_pitch,51.228566,-115.511093,5673095.83120744,464327.680999264
,POINT (464792.84435889596 5673444.7973494055),camp_pitch,51.231734,-115.504463,5673444.7973494055,464792.84435889596
,POINT (464129.0681580291 5673317.473822012),camp_pitch,51.2305473,-115.5139607,5673317.473822012,464129.0681580291
,POINT (464066.52130909514 5673269.297818689),camp_pitch,51.23011,-115.514852,5673269.297818689,464066.52130909514
,POINT (464656.6362128658 5673638.566357211),camp_pitch,51.2334686,-115.5064337,5673638.566357211,464656.6362128658
,POINT (464314.4346687904 5672967.635401105),camp_pitch,51.227412,-115.51127,5672967.635401105,464314.4346687904
,POINT (464522.5097334449 5673461.890335344),camp_pitch,51.231871,-115.508338,5673461.890335344,464522.5097334449
,POINT (464189.11932403856 5673344.257017075),camp_pitch,51.230792,-115.513103,5673344.257017075,464189.11932403856
,POINT (464073.28835821524 5673248.906637538),camp_pitch,51.229927,-115.514753,5673248.906637538,464073.28835821524
,POINT (464593.84320688085 5673104.5479525635),camp_pitch,51.228661,-115.5072806,5673104.5479525635,464593.84320688085
,POINT (464714.0542392091 5673645.73038664),camp_pitch,51.2335366,-115.5056117,5673645.73038664,464714.0542392091
,POINT (464239.9785745383 5672970.710810289),camp_pitch,51.227435,-115.512337,5672970.710810289,464239.9785745383
,POINT (464850.28415099037 5673454.853142874),camp_pitch,51.231828,-115.503641,5673454.853142874,464850.28415099037
,POINT (464259.064394751 5673342.64630892),camp_pitch,51.2307819,-115.5121007,5673342.64630892,464259.064394751
,POINT (464060.2827806409 5673375.062470742),camp_pitch,51.231061,-115.514952,5673375.062470742,464060.2827806409
,POINT (464559.4975173255 5673198.83330727),camp_pitch,51.229507,-115.507782,5673198.83330727,464559.4975173255
,POINT (464732.0019436123 5673723.480163106),camp_pitch,51.2342371,-115.5053622,5673723.480163106,464732.0019436123
,POINT (463932.3811389578 5672943.071441719),camp_pitch,51.227167,-115.516741,5672943.071441719,463932.3811389578
,POINT (464949.31293289753 5673239.065363385),camp_pitch,51.229893,-115.502201,5673239.065363385,464949.31293289753
,POINT (464070.86305064784 5673420.789633959),camp_pitch,51.231473,-115.514805,5673420.789633959,464070.86305064784
,POINT (464655.1595810595 5673184.277182909),camp_pitch,51.229382,-115.50641,5673184.277182909,464655.1595810595
,POINT (464206.95286622643 5673039.309536412),camp_pitch,51.22805,-115.512817,5673039.309536412,464206.95286622643
,POINT (464993.2102359574 5673299.685590259),camp_pitch,51.230441,-115.501578,5673299.685590259,464993.2102359574
,POINT (464013.2694760341 5673030.993141071),camp_pitch,51.227963,-115.515591,5673030.993141071,464013.2694760341
,POINT (464749.45781055046 5673608.934846242),camp_pitch,51.2332078,-115.5051008,5673608.934846242,464749.45781055046
,POINT (464261.9913965779 5673405.11352348),camp_pitch,51.231344,-115.512065,5673405.11352348,464261.9913965779
,POINT (464078.3487270887 5673179.15764147),camp_pitch,51.2292999,-115.5146735,5673179.15764147,464078.3487270887
,POINT (464611.0540531442 5673205.480901517),camp_pitch,51.22957,-115.507044,5673205.480901517,464611.0540531442
,POINT (464202.1417971583 5673120.051154845),camp_pitch,51.228776,-115.512894,5673120.051154845,464202.1417971583
,POINT (464910.50708754524 5673341.271733829),camp_pitch,51.23081,-115.502767,5673341.271733829,464910.50708754524
,POINT (464034.37839334784 5673055.079738273),camp_pitch,51.228181,-115.515291,5673055.079738273,464034.37839334784
,POINT (464811.21816805017 5673597.949727603),camp_pitch,51.2331128,-115.5042148,5673597.949727603,464811.21816805017
,POINT (464309.6332768447 5673317.837167589),camp_pitch,51.2305619,-115.5113737,5673317.837167589,464309.6332768447
,POINT (464126.83047403867 5673389.715432988),camp_pitch,51.231197,-115.514,5673389.715432988,464126.83047403867
,POINT (464202.81132542767 5673205.9794371165),camp_pitch,51.229549,-115.512893,5673205.9794371165,464202.81132542767
,POINT (465002.8666604271 5673354.4254883155),camp_pitch,51.230934,-115.501445,5673354.4254883155,465002.8666604271
,POINT (463990.1543823396 5673118.867043725),camp_pitch,51.228752,-115.515931,5673118.867043725,463990.1543823396
,POINT (464758.7240522814 5673732.52340404),camp_pitch,51.2343201,-115.5049802,5673732.52340404,464758.7240522814
,POINT (464404.2170127503 5673432.91695699),camp_pitch,51.231603,-115.51003,5673432.91695699,464404.2170127503
,POINT (464781.2433086706 5673698.684770246),camp_pitch,51.2340171,-115.5046542,5673698.684770246,464781.2433086706
,POINT (464033.5255420722 5673082.766586262),camp_pitch,51.22843,-115.515306,5673082.766586262,464033.5255420722
,POINT (464537.0414042635 5673252.015683953),camp_pitch,51.229984,-115.508109,5673252.015683953,464537.0414042635
,POINT (464333.6835691643 5673055.657790492),camp_pitch,51.228205,-115.511003,5673055.657790492,464333.6835691643
,POINT (464958.76567881706 5673366.065746653),camp_pitch,51.231036,-115.502078,5673366.065746653,464958.76567881706
,POINT (464269.4775212483 5673177.277877602),camp_pitch,51.229295,-115.511935,5673177.277877602,464269.4775212483
,POINT (464343.87610262015 5673477.581037032),camp_pitch,51.232001,-115.510899,5673477.581037032,464343.87610262015
,POINT (464554.46632473276 5673531.2605927205),camp_pitch,51.232497,-115.507887,5673531.2605927205,464554.46632473276
,POINT (464809.64628581755 5673241.711498234),camp_pitch,51.2299082,-115.5042023,5673241.711498234,464809.64628581755
,POINT (464337.5954799 5673246.8396919975),camp_pitch,51.229925,-115.510966,5673246.8396919975,464337.5954799
,POINT (464926.62185361475 5673146.172913756),camp_pitch,51.229056,-115.502517,5673146.172913756,464926.62185361475
,POINT (464315.13055156986 5673157.95030024),camp_pitch,51.229124,-115.511279,5673157.95030024,464315.13055156986
,POINT (464333.4794525805 5673377.602012566),camp_pitch,51.231101,-115.511038,5673377.602012566,464333.4794525805
,POINT (464600.94690365205 5673540.122031194),camp_pitch,51.2325796,-115.5072219,5673540.122031194,464600.94690365205
,POINT (464766.1145537224 5673255.017019163),camp_pitch,51.2300252,-115.5048273,5673255.017019163,464766.1145537224
,POINT (464415.1277846147 5673245.078326208),camp_pitch,51.229914,-115.509855,5673245.078326208,464415.1277846147
,POINT (464341.67793359456 5673201.565892905),camp_pitch,51.229518,-115.510903,5673201.565892905,464341.67793359456
,POINT (464370.33797469496 5673328.320681215),camp_pitch,51.23066,-115.510505,5673328.320681215,464370.33797469496
,POINT (464514.4652860562 5673570.223722256),camp_pitch,51.232845,-115.508464,5673570.223722256,464514.4652860562
,POINT (464715.94916922576 5673294.237341018),camp_pitch,51.2303749,-115.5055499,5673294.237341018,464715.94916922576
,POINT (464497.7083561305 5673347.447665914),camp_pitch,51.23084,-115.508682,5673347.447665914,464497.7083561305
,POINT (464571.42157589964 5673288.130032018),camp_pitch,51.230311,-115.50762,5673288.130032018,464571.42157589964
,POINT (464164.17185146094 5673150.109359492),camp_pitch,51.229044,-115.513441,5673150.109359492,464164.17185146094
,POINT (464642.26298021374 5673580.413359057),camp_pitch,51.2329446,-115.5066339,5673580.413359057,464642.26298021374
,POINT (464475.10662355734 5673439.8736864),camp_pitch,51.23167,-115.509015,5673439.8736864,464475.10662355734
,POINT (464268.06549525337 5673004.643671958),camp_pitch,51.227742,-115.511938,5673004.643671958,464268.06549525337
,POINT (464535.9036532535 5673329.730023404),camp_pitch,51.230683,-115.508133,5673329.730023404,464535.9036532535
,POINT (465029.69899208244 5673307.774259381),camp_pitch,51.230516,-115.501056,5673307.774259381,465029.69899208244
,POINT (463969.85842845077 5673210.500985076),camp_pitch,51.229575,-115.516231,5673210.500985076,463969.85842845077
,POINT (464259.1475356313 5673127.2130367225),camp_pitch,51.228844,-115.512078,5673127.2130367225,464259.1475356313
,POINT (464590.21953717596 5673593.667941321),camp_pitch,51.2330606,-115.5073809,5673593.667941321,464590.21953717596
,POINT (464796.17245972104 5673368.379843845),camp_pitch,51.2310468,-115.5044078,5673368.379843845,464796.17245972104
,POINT (464182.4538959238 5672979.44978349),camp_pitch,51.22751,-115.513162,5672979.44978349,464182.4538959238
,POINT (464179.46060040285 5673287.439725124),camp_pitch,51.2302803,-115.5132357,5673287.439725124,464179.46060040285
,POINT (464006.6659916964 5673313.406622829),camp_pitch,51.230503,-115.515714,5673313.406622829,464006.6659916964
,POINT (464627.16006171395 5673069.389089136),camp_pitch,51.2283468,-115.5067998,5673069.389089136,464627.16006171395
,POINT (464686.27062001114 5673604.233604458),camp_pitch,51.2331616,-115.5060057,5673604.233604458,464686.27062001114
,POINT (464841.99761262635 5673363.952283028),camp_pitch,51.2310098,-115.5037508,5673363.952283028,464841.99761262635
,POINT (464127.6636717501 5673239.410248935),camp_pitch,51.229845,-115.513973,5673239.410248935,464127.6636717501
,POINT (464076.33315496065 5673285.014964618),camp_pitch,51.230252,-115.514713,5673285.014964618,464076.33315496065
,POINT (464663.1558035342 5673622.513224449),camp_pitch,51.2333246,-115.5063387,5673622.513224449,464663.1558035342
,POINT (464183.2719340498 5672956.654613039),camp_pitch,51.227305,-115.513148,5672956.654613039,464183.2719340498
,POINT (464509.65019898955 5673479.543868887),camp_pitch,51.232029,-115.508524,5673479.543868887,464509.65019898955
,POINT (464205.9485639796 5673335.4684200715),camp_pitch,51.230714,-115.512861,5673335.4684200715,464205.9485639796
,POINT (464076.9354775921 5673221.533723698),camp_pitch,51.229681,-115.514698,5673221.533723698,464076.9354775921
,POINT (464582.12669929035 5673095.8465718515),camp_pitch,51.228582,-115.5074476,5673095.8465718515,464582.12669929035
,POINT (464708.48248277575 5673657.552543829),camp_pitch,51.2336426,-115.5056927,5673657.552543829,464708.48248277575
,POINT (464249.83247924724 5672962.415684113),camp_pitch,51.227361,-115.512195,5672962.415684113,464249.83247924724
,POINT (464849.7264323336 5673475.311879473),camp_pitch,51.232012,-115.503651,5673475.311879473,464849.7264323336
,POINT (464238.2282269682 5673380.377503566),camp_pitch,51.23112,-115.512403,5673380.377503566,464238.2282269682
,POINT (464072.49763827043 5673365.194087758),camp_pitch,51.230973,-115.514776,5673365.194087758,464072.49763827043
,POINT (464548.13828241965 5673173.131943297),camp_pitch,51.2292751,-115.5079422,5673173.131943297,464548.13828241965
,POINT (464724.9230548385 5673708.965833321),camp_pitch,51.2341061,-115.5054622,5673708.965833321,464724.9230548385
,POINT (463954.9060400711 5672950.02786644),camp_pitch,51.227231,-115.516419,5672950.02786644,463954.9060400711
,POINT (464963.81781632995 5673226.960119858),camp_pitch,51.229785,-115.501992,5673226.960119858,464963.81781632995
,POINT (464051.0206004524 5673397.916864845),camp_pitch,51.231266,-115.515087,5673397.916864845,464051.0206004524
,POINT (464665.1714927441 5673198.88237563),camp_pitch,51.229514,-115.506268,5673198.88237563,464665.1714927441
,POINT (464200.60535693687 5673069.925062406),camp_pitch,51.228325,-115.512911,5673069.925062406,464200.60535693687
,POINT (464747.97568837873 5673596.383043433),camp_pitch,51.2330948,-115.5051208,5673596.383043433,464747.97568837873
,POINT (463936.3155127403 5673016.192422589),camp_pitch,51.227825,-115.516692,5673016.192422589,463936.3155127403
,POINT (464304.08203345374 5673342.555124075),camp_pitch,51.2307839,-115.5114557,5673342.555124075,464304.08203345374
,POINT (464063.8150891167 5673176.924919499),camp_pitch,51.2292789,-115.5148815,5673176.924919499,464063.8150891167
,POINT (464619.09958629636 5673187.97201545),camp_pitch,51.229413,-115.506927,5673187.97201545,464619.09958629636
,POINT (464217.5503018597 5673137.61936518),camp_pitch,51.228935,-115.512675,5673137.61936518,464217.5503018597
,POINT (464994.34282853646 5673271.330033808),camp_pitch,51.230186,-115.501559,5673271.330033808,464994.34282853646
,POINT (464836.6320545189 5673489.408814237),camp_pitch,51.232138,-115.50384,5673489.408814237,464836.6320545189
,POINT (464032.87285449763 5673069.319817522),camp_pitch,51.228309,-115.515314,5673069.319817522,464032.87285449763
,POINT (464321.6645178695 5673414.92551473),camp_pitch,51.231436,-115.511211,5673414.92551473,464321.6645178695
,POINT (464123.0426688983 5673406.972996556),camp_pitch,51.231352,-115.514056,5673406.972996556,464123.0426688983
,POINT (464218.9772248423 5673202.086917291),camp_pitch,51.229515,-115.512661,5673202.086917291,464218.9772248423
,POINT (464981.1809882994 5673347.2364274375),camp_pitch,51.230868,-115.501755,5673347.2364274375,464981.1809882994
,POINT (464763.5028037839 5673560.591388396),camp_pitch,51.2327738,-115.5048948,5673560.591388396,464763.5028037839
,POINT (463975.8914353216 5673105.515851706),camp_pitch,51.228631,-115.516134,5673105.515851706,463975.8914353216
,POINT (464399.3431207656 5673414.496880486),camp_pitch,51.231437,-115.510098,5673414.496880486,464399.3431207656
,POINT (464028.4994124674 5673102.589763393),camp_pitch,51.228608,-115.51538,5673102.589763393,464028.4994124674
,POINT (464779.20098082704 5673726.490814762),camp_pitch,51.2342671,-115.5046862,5673726.490814762,464779.20098082704
,POINT (464532.67006567656 5673225.4767471105),camp_pitch,51.229745,-115.508169,5673225.4767471105,464532.67006567656
,POINT (464354.716973302 5673059.068953622),camp_pitch,51.228237,-115.510702,5673059.068953622,464354.716973302
,POINT (464449.1633508776 5673221.274664664),camp_pitch,51.229702,-115.509365,5673221.274664664,464449.1633508776
,POINT (464949.23400506657 5673390.921337706),camp_pitch,51.231259,-115.502217,5673390.921337706,464949.23400506657
,POINT (464271.47157126263 5673152.918172476),camp_pitch,51.229076,-115.511904,5673152.918172476,464271.47157126263
,POINT (464331.899816913 5673451.539804359),camp_pitch,51.231766,-115.511068,5673451.539804359,464331.899816913
,POINT (464803.7813138614 5673622.791237114),camp_pitch,51.2333358,-115.5043238,5673622.791237114,464803.7813138614
,POINT (464062.920259968 5673128.9065480055),camp_pitch,51.2288469,-115.5148895,5673128.9065480055,464062.920259968
,POINT (464803.9441841016 5673254.9796149945),camp_pitch,51.2300272,-115.5042853,5673254.9796149945,464803.9441841016
,POINT (464239.1072877548 5673246.191435082),camp_pitch,51.229913,-115.512377,5673246.191435082,464239.1072877548
,POINT (464946.1188760701 5673139.369550259),camp_pitch,51.228996,-115.502237,5673139.369550259,464946.1188760701
,POINT (464319.96012182534 5673169.922854637),camp_pitch,51.229232,-115.511211,5673169.922854637,464319.96012182534
,POINT (464331.6219949021 5673351.379253786),camp_pitch,51.230865,-115.511062,5673351.379253786,464331.6219949021
,POINT (464497.95025485416 5673493.298525101),camp_pitch,51.232152,-115.508693,5673493.298525101,464497.95025485416
,POINT (464765.2536563207 5673241.460438065),camp_pitch,51.2299032,-115.5048383,5673241.460438065,464765.2536563207
,POINT (464469.1658267076 5673247.260552465),camp_pitch,51.229937,-115.509081,5673247.260552465,464469.1658267076
,POINT (464361.8129567245 5673196.312214358),camp_pitch,51.229472,-115.510614,5673196.312214358,464361.8129567245
,POINT (464385.5562970488 5673338.775950809),camp_pitch,51.230755,-115.510288,5673338.775950809,464385.5562970488
,POINT (464497.3428164276 5673556.77971983),camp_pitch,51.232723,-115.508708,5673556.77971983,464497.3428164276
,POINT (464726.4690233215 5673281.269490123),camp_pitch,51.2302589,-115.5053979,5673281.269490123,464726.4690233215
,POINT (464474.790576449 5673353.942941048),camp_pitch,51.230897,-115.509011,5673353.942941048,464474.790576449
,POINT (464551.26289158274 5673289.936844023),camp_pitch,51.230326,-115.507909,5673289.936844023,464551.26289158274
,POINT (464162.7508797835 5673126.551645633),camp_pitch,51.228832,-115.513459,5673126.551645633,464162.7508797835
,POINT (464637.69212255423 5673595.674902933),camp_pitch,51.2330816,-115.5067009,5673595.674902933,464637.69212255423
,POINT (464495.690897107 5673429.059005867),camp_pitch,51.231574,-115.508719,5673429.059005867,464495.690897107
,POINT (464463.0208510071 5673297.217590776),camp_pitch,51.230386,-115.509174,5673297.217590776,464463.0208510071
,POINT (464555.0261617709 5673339.602956419),camp_pitch,51.230773,-115.50786,5673339.602956419,464555.0261617709
,POINT (465032.0012675299 5673328.10229523),camp_pitch,51.230699,-115.501025,5673328.10229523,465032.0012675299
,POINT (463970.48511982046 5673180.481173726),camp_pitch,51.229305,-115.516219,5673180.481173726,463970.48511982046
,POINT (464239.302454968 5673114.01118934),camp_pitch,51.228724,-115.512361,5673114.01118934,464239.302454968
,POINT (464579.4857790628 5673585.626795601),camp_pitch,51.2329876,-115.5075339,5673585.626795601,464579.4857790628
,POINT (464806.12486804207 5673354.082034391),camp_pitch,51.2309188,-115.5042638,5673354.082034391,464806.12486804207
,POINT (464228.37664209865 5672988.578601167),camp_pitch,51.227595,-115.512505,5672988.578601167,464228.37664209865
,POINT (464760.3560504176 5673316.9438085705),camp_pitch,51.2305819,-115.5049159,5673316.9438085705,464760.3560504176
,POINT (464016.8809867804 5673167.704632173),camp_pitch,51.229193,-115.515553,5673167.704632173,464016.8809867804
,POINT (464622.2160174264 5673081.206995649),camp_pitch,51.2284528,-115.5068718,5673081.206995649,464622.2160174264
,POINT (464700.7882214112 5673604.35599182),camp_pitch,51.2331636,-115.5057977,5673604.35599182,464700.7882214112
,POINT (464845.3959451003 5673381.1600274015),camp_pitch,51.2311648,-115.5037038,5673381.1600274015,464845.3959451003
,POINT (464126.917114931 5673252.422144226),camp_pitch,51.229962,-115.513985,5673252.422144226,464126.917114931
,POINT (464071.04143354885 5673316.734961864),camp_pitch,51.230537,-115.514792,5673316.734961864,464071.04143354885
,POINT (464638.57631033304 5673612.566355298),camp_pitch,51.2332336,-115.5066899,5673612.566355298,464638.57631033304
,POINT (464189.91891080514 5672938.932478144),camp_pitch,51.227146,-115.513051,5672938.932478144,464189.91891080514
,POINT (464816.7250963823 5673426.068406675),camp_pitch,51.231567,-115.504119,5673426.068406675,464816.7250963823
,POINT (464182.8209135324 5673308.871709391),camp_pitch,51.2304733,-115.5131897,5673308.871709391,464182.8209135324
,POINT (464096.97313332825 5673212.388798002),camp_pitch,51.2296,-115.51441,5673212.388798002,464096.97313332825
,POINT (464570.3855804366 5673083.588011129),camp_pitch,51.228471,-115.5076146,5673083.588011129,464570.3855804366
,POINT (464697.8653610683 5673666.407898937),camp_pitch,51.2337216,-115.5058457,5673666.407898937,464697.8653610683
,POINT (464264.35521219403 5672942.97124144),camp_pitch,51.227187,-115.511985,5672942.97124144,464264.35521219403
,POINT (464800.5553785348 5673480.207018782),camp_pitch,51.232053,-115.504356,5673480.207018782,464800.5553785348
,POINT (464218.5632131212 5673392.854329226),camp_pitch,51.231231,-115.512686,5673392.854329226,464218.5632131212
,POINT (464089.2064879022 5673359.185152209),camp_pitch,51.23092,-115.514536,5673359.185152209,464089.2064879022
,POINT (464545.483567664 5673150.572065987),camp_pitch,51.229072,-115.507978,5673150.572065987,464545.483567664
,POINT (464728.15127901215 5673691.267903113),camp_pitch,51.2339471,-115.5054142,5673691.267903113,464728.15127901215
,POINT (464984.58301238774 5673221.926922915),camp_pitch,51.229741,-115.501694,5673221.926922915,464984.58301238774
,POINT (464288.9590527441 5673388.9174622),camp_pitch,51.2312,-115.511677,5673388.9174622,464288.9590527441
,POINT (464659.79101731535 5673218.262680439),camp_pitch,51.229688,-115.506347,5673218.262680439,464659.79101731535
,POINT (464184.7438517186 5673077.484056764),camp_pitch,51.228392,-115.513139,5673077.484056764,464184.7438517186
,POINT (464749.98377745145 5673583.918417736),camp_pitch,51.2329828,-115.5050908,5673583.918417736,464749.98377745145
,POINT (463917.99531367444 5673001.647066984),camp_pitch,51.227693,-115.516953,5673001.647066984,463917.99531367444
,POINT (464225.45013384864 5673339.556742481),camp_pitch,51.230752,-115.512582,5673339.556742481,464225.45013384864
,POINT (464052.9423808408 5673169.219339575),camp_pitch,51.2292089,-115.5150365,5673169.219339575,464052.9423808408
,POINT (464602.7331567629 5673183.082380298),camp_pitch,51.229368,-115.507161,5673183.082380298,464602.7331567629
,POINT (464208.356770695 5673160.472974832),camp_pitch,51.22914,-115.512809,5673160.472974832,464208.356770695
,POINT (464972.7676359523 5673280.370771728),camp_pitch,51.230266,-115.501869,5673280.370771728,464972.7676359523
,POINT (464815.57519572764 5673492.443602564),camp_pitch,51.232164,-115.504142,5673492.443602564,464815.57519572764
,POINT (463970.80800573976 5673057.526911804),camp_pitch,51.228199,-115.516202,5673057.526911804,463970.80800573976
,POINT (464310.34852096235 5673443.685629254),camp_pitch,51.231694,-115.511376,5673443.685629254,464310.34852096235
,POINT (464106.74669008027 5673422.094725348),camp_pitch,51.231487,-115.514291,5673422.094725348,464106.74669008027
,POINT (464236.19545704784 5673208.970418083),camp_pitch,51.229578,-115.512415,5673208.970418083,464236.19545704784
,POINT (464966.9986621489 5673334.993640379),camp_pitch,51.230757,-115.501957,5673334.993640379,464966.9986621489
,POINT (464780.0062450727 5673555.141954968),camp_pitch,51.2327258,-115.5046578,5673555.141954968,464780.0062450727
,POINT (463968.65309872077 5673078.663999423),camp_pitch,51.228389,-115.516235,5673078.663999423,463968.65309872077
,POINT (464259.59196892864 5673308.180511467),camp_pitch,51.2304719,-115.5120897,5673308.180511467,464259.59196892864
,POINT (464342.97297781165 5673106.730515772),camp_pitch,51.228665,-115.510875,5673106.730515772,464342.97297781165
,POINT (464549.4916979733 5673205.350202493),camp_pitch,51.229565,-115.507926,5673205.350202493,464549.4916979733
,POINT (464371.73846075113 5673067.732967487),camp_pitch,51.228316,-115.510459,5673067.732967487,464371.73846075113
,POINT (464471.0022319792 5673230.239116967),camp_pitch,51.229784,-115.509053,5673230.239116967,464471.0022319792
,POINT (464927.2102392063 5673395.518621962),camp_pitch,51.231299,-115.502533,5673395.518621962,464927.2102392063
,POINT (464291.4384924341 5673143.5521709975),camp_pitch,51.228993,-115.511617,5673143.5521709975,464291.4384924341
,POINT (464345.50178900635 5673430.32327805),camp_pitch,51.231576,-115.510871,5673430.32327805,464345.50178900635
,POINT (464795.8433887798 5673635.630048955),camp_pitch,51.2334508,-115.5044388,5673635.630048955,464795.8433887798
,POINT (464073.6075073549 5673130.054527917),camp_pitch,51.2288579,-115.5147365,5673130.054527917,464073.6075073549
,POINT (464795.0255132054 5673267.380472718),camp_pitch,51.2301382,-115.5044143,5673267.380472718,464795.0255132054
,POINT (464226.36217765464 5673250.171200254),camp_pitch,51.229948,-115.51256,5673250.171200254,464226.36217765464
,POINT (464967.200095655 5673149.897637346),camp_pitch,51.229092,-115.501936,5673149.897637346,464967.200095655
,POINT (464317.17568359734 5673191.064163033),camp_pitch,51.229422,-115.511253,5673191.064163033,464317.17568359734
,POINT (464338.5581635832 5673335.100474857),camp_pitch,51.230719,-115.510961,5673335.100474857,464338.5581635832
,POINT (464504.1622693491 5673523.604418107),camp_pitch,51.232425,-115.508607,5673523.604418107,464504.1622693491
,POINT (464768.01211189653 5673226.433809746),camp_pitch,51.2297682,-115.5047973,5673226.433809746,464768.01211189653
,POINT (464460.34700926027 5673263.885695925),camp_pitch,51.230086,-115.509209,5673263.885695925,464460.34700926027
,POINT (464381.01149857923 5673206.962154291),camp_pitch,51.229569,-115.51034,5673206.962154291,464381.01149857923
,POINT (464389.9525660797 5673358.755683154),camp_pitch,51.230935,-115.510227,5673358.755683154,464389.9525660797
,POINT (464577.084457123 5673571.41386525),camp_pitch,51.2328596,-115.5075669,5673571.41386525,464577.084457123
,POINT (464743.64808350196 5673282.596553531),camp_pitch,51.2302719,-115.5051519,5673282.596553531,464743.64808350196
,POINT (464451.30462324026 5673338.875648241),camp_pitch,51.23076,-115.509346,5673338.875648241,464451.30462324026
,POINT (464535.94161945663 5673304.9392829435),camp_pitch,51.23046,-115.50813,5673304.9392829435,464535.94161945663
,POINT (464160.2158280724 5673063.425868634),camp_pitch,51.228264,-115.513489,5673063.425868634,464160.2158280724
,POINT (464450.1748211443 5673407.474192903),camp_pitch,51.231377,-115.509369,5673407.474192903,464450.1748211443
,POINT (464625.99825485476 5673600.2022752585),camp_pitch,51.2331216,-115.5068689,5673600.2022752585,464625.99825485476
,POINT (464403.4025266059 5673396.014796989),camp_pitch,51.231271,-115.510038,5673396.014796989,464403.4025266059
,POINT (464481.5329310914 5673299.535052935),camp_pitch,51.230408,-115.508909,5673299.535052935,464481.5329310914
,POINT (464572.1567011223 5673333.926191617),camp_pitch,51.230723,-115.507614,5673333.926191617,464572.1567011223
,POINT (465024.5091088477 5673345.050910565),camp_pitch,51.230851,-115.501134,5673345.050910565,465024.5091088477
,POINT (463985.5973125386 5673165.700838526),camp_pitch,51.229173,-115.516001,5673165.700838526,463985.5973125386
,POINT (464236.1136729664 5673087.130743043),camp_pitch,51.228482,-115.512404,5673087.130743043,464236.1136729664
,POINT (464626.64560810104 5673542.279238062),camp_pitch,51.2326006,-115.5068539,5673542.279238062,464626.64560810104
,POINT (464828.9938401602 5673350.5901150275),camp_pitch,51.2308888,-115.5039358,5673350.5901150275,464828.9938401602
,POINT (464246.01673929323 5672985.787575887),camp_pitch,51.227571,-115.512252,5672985.787575887,464246.01673929323
,POINT (464748.62067907903 5673325.695560571),camp_pitch,51.2306599,-115.5050849,5673325.695560571,464748.62067907903
,POINT (464032.36836178956 5673186.494589666),camp_pitch,51.229363,-115.515333,5673186.494589666,464032.36836178956
,POINT (464284.65599088895 5673081.678770004),camp_pitch,51.228436,-115.511708,5673081.678770004,464284.65599088895
,POINT (464711.00568909815 5673608.398891225),camp_pitch,51.2332006,-115.5056517,5673608.398891225,464711.00568909815
,POINT (464834.24330439017 5673393.464966137),camp_pitch,51.2312748,-115.5038648,5673393.464966137,464834.24330439017
,POINT (464128.80166244914 5673289.350141272),camp_pitch,51.2302943,-115.5139617,5673289.350141272,464128.80166244914
,POINT (464062.07275314076 5673331.6943351),camp_pitch,51.230671,-115.514922,5673331.6943351,464062.07275314076
,POINT (464592.87793214165 5673029.427278122),camp_pitch,51.2279852,-115.507287,5673029.427278122,464592.87793214165
,POINT (464205.46985885245 5672926.817782429),camp_pitch,51.227038,-115.512827,5672926.817782429,464205.46985885245
,POINT (464830.85341476154 5673430.41822276),camp_pitch,51.231607,-115.503917,5673430.41822276,464830.85341476154
,POINT (464167.71635516617 5673324.763093363),camp_pitch,51.2306153,-115.5134077,5673324.763093363,464167.71635516617
,POINT (464118.9421629169 5673219.905661729),camp_pitch,51.229669,-115.514096,5673219.905661729,464118.9421629169
,POINT (464570.5150329769 5673061.909354685),camp_pitch,51.228276,-115.5076106,5673061.909354685,464570.5150329769
,POINT (464682.8701373196 5673667.84516434),camp_pitch,51.2337336,-115.5060607,5673667.84516434,464682.8701373196
,POINT (464284.4066752769 5672935.605660894),camp_pitch,51.227122,-115.511697,5672935.605660894,464284.4066752769
,POINT (464792.42339627235 5673464.810483548),camp_pitch,51.231914,-115.504471,5673464.810483548,464792.42339627235
,POINT (464201.1191658602 5673393.531903381),camp_pitch,51.231236,-115.512936,5673393.531903381,464201.1191658602
,POINT (464104.44713316025 5673273.03429791),camp_pitch,51.230146,-115.514309,5673273.03429791,464104.44713316025
,POINT (464563.1806772319 5673135.886753489),camp_pitch,51.228941,-115.507723,5673135.886753489,464563.1806772319
,POINT (464736.2331092191 5673679.0950013995),camp_pitch,51.2338381,-115.5052972,5673679.0950013995,464736.2331092191
,POINT (465004.63056010735 5673234.463240393),camp_pitch,51.229855,-115.501408,5673234.463240393,465004.63056010735
,POINT (464307.8476976141 5673395.233725676),camp_pitch,51.231258,-115.511407,5673395.233725676,464307.8476976141
,POINT (464648.1476001224 5673230.237899319),camp_pitch,51.229795,-115.506515,5673230.237899319,464648.1476001224
,POINT (463906.41640167445 5672982.941112814),camp_pitch,51.227524,-115.517117,5672982.941112814,463906.41640167445
,POINT (464754.5855387071 5673573.103487829),camp_pitch,51.2328858,-115.5050238,5673573.103487829,464754.5855387071
,POINT (464239.3946350721 5673347.463599869),camp_pitch,51.230824,-115.512383,5673347.463599869,464239.3946350721
,POINT (464046.23395477317 5673158.1495449),camp_pitch,51.2291089,-115.5151315,5673158.1495449,464046.23395477317
,POINT (464585.513147818 5673196.09674322),camp_pitch,51.229484,-115.507409,5673196.09674322,464585.513147818
,POINT (464186.3473874866 5673167.185528753),camp_pitch,51.229199,-115.513125,5673167.185528753,464186.3473874866
,POINT (464949.7692107532 5673275.191829277),camp_pitch,51.230218,-115.502198,5673275.191829277,464949.7692107532
,POINT (464761.1425285503 5673633.53385086),camp_pitch,51.2334298,-115.5049358,5673633.53385086,464761.1425285503
,POINT (463977.1686827585 5673038.917154366),camp_pitch,51.228032,-115.516109,5673038.917154366,463977.1686827585
,POINT (464289.07232538343 5673445.278920775),camp_pitch,51.231707,-115.511681,5673445.278920775,464289.07232538343
,POINT (464098.71140480845 5673166.564236286),camp_pitch,51.2291879,-115.5143805,5673166.564236286,464098.71140480845
,POINT (464585.7073947821 5673234.337205175),camp_pitch,51.229828,-115.50741,5673234.337205175,464585.7073947821
,POINT (464247.1554191621 5673219.232641247),camp_pitch,51.229671,-115.512259,5673219.232641247,464247.1554191621
,POINT (464936.1117668114 5673339.762600658),camp_pitch,51.230798,-115.5024,5673339.762600658,464936.1117668114
,POINT (464800.2894437617 5673561.450442624),camp_pitch,51.2327838,-115.5043678,5673561.450442624,464800.2894437617
,POINT (463965.41836011497 5672965.962217259),camp_pitch,51.227375,-115.51627,5672965.962217259,463965.41836011497
,POINT (464275.0170694961 5673298.17908002),camp_pitch,51.2303829,-115.5118677,5673298.17908002,464275.0170694961
,POINT (464574.78869238397 5673209.7333049),camp_pitch,51.229606,-115.507564,5673209.7333049,464574.78869238397
,POINT (464380.7206795653 5673084.67929595),camp_pitch,51.228469,-115.510332,5673084.67929595,464380.7206795653
,POINT (464327.3961785396 5673215.4500486385),camp_pitch,51.229642,-115.511109,5673215.4500486385,464327.3961785396
,POINT (464909.1817592797 5673382.190617865),camp_pitch,51.231178,-115.50279,5673382.190617865,464909.1817592797
,POINT (464427.34480472276 5673225.316827997),camp_pitch,51.229737,-115.509678,5673225.316827997,464427.34480472276
,POINT (464379.6729178499 5673436.311244304),camp_pitch,51.231632,-115.510382,5673436.311244304,464379.6729178499
,POINT (464764.2126630411 5673678.1244998295),camp_pitch,51.2338311,-115.5048962,5673678.1244998295,464764.2126630411
,POINT (464091.52724522457 5673137.377306252),camp_pitch,51.2289249,-115.5144805,5673137.377306252,464091.52724522457
,POINT (464581.0029961577 5673260.605347852),camp_pitch,51.230064,-115.50748,5673260.605347852,464581.0029961577
,POINT (464212.41042876453 5673251.269045349),camp_pitch,51.229957,-115.51276,5673251.269045349,464212.41042876453
,POINT (464969.3137938936 5673173.228465811),camp_pitch,51.229302,-115.501908,5673173.228465811,464969.3137938936
Burstall Campground - Us18,POINT (470728.254150574 5621349.491080533),camp_site,50.7634273,-115.4152169,5621349.491080533,470728.254150574
Red Deer River Cabin No. 53,POINT (434614.1008508309 5715065.207730051),wilderness_hut,51.6034159,-115.944513,5715065.207730051,434614.1008508309
,POINT (413530.3505072052 5694682.376882688),viewpoint,51.4172644,-116.2440009,5694682.376882688,413530.3505072052
Fish Lakes Camground,POINT (417616.5739840607 5720058.874225553),camp_site,51.646093,-116.1911702,5720058.874225553,417616.5739840607
Tower lake viewpoint,POINT (435277.2637552975 5682295.507031047),viewpoint,51.3087552,-115.9289326,5682295.507031047,435277.2637552975
,POINT (425789.9742002836 5686951.222859717),picnic_site,51.3494698,-116.0660458,5686951.222859717,425789.9742002836
Ek13 Elk Summit,POINT (455731.81951906986 5679266.683594346),camp_site,51.2834712,-115.6350066,5679266.683594346,455731.81951906986
,POINT (461884.456046935 5660244.312424557),viewpoint,51.112803,-115.5447328,5660244.312424557,461884.456046935
,POINT (464842.9050394321 5667715.102677028),viewpoint,51.180196,-115.5031838,5667715.102677028,464842.9050394321
Baker Creek,POINT (425842.58264605573 5686912.355438327),picnic_site,51.3491271,-116.0652821,5686912.355438327,425842.58264605573
Peaks Hotel and Suites,POINT (459936.4998126443 5667483.091310594),hotel,51.1777859,-115.573377,5667483.091310594,459936.4998126443
Banff Boutique Inn,POINT (459683.7211637234 5666721.509267893),chalet,51.1709174,-115.576909,5666721.509267893,459683.7211637234
,POINT (398765.3942566413 5724034.554514795),information,51.6787625,-116.4648023,5724034.554514795,398765.3942566413
End of Trail,POINT (356759.9500564801 5780785.639129467),viewpoint,52.1797341,-117.0958645,5780785.639129467,356759.9500564801
,POINT (441431.89661042794 5675422.962268765),information,51.247606,-115.8394815,5675422.962268765,441431.89661042794
Herbert Lake观点,POINT (415257.6713335425 5699376.2213483965),attraction,51.459739,-116.2202813,5699376.2213483965,415257.6713335425
,POINT (459714.16142429487 5667486.930754987),information,51.1778048,-115.5765593,5667486.930754987,459714.16142429487
,POINT (458700.9409974966 5666552.087603537),viewpoint,51.1693232,-115.5909519,5666552.087603537,458700.9409974966
,POINT (458710.76809486747 5666535.633542722),viewpoint,51.1691759,-115.5908094,5666535.633542722,458710.76809486747
,POINT (459501.01628063095 5664095.445299778),viewpoint,51.147282,-115.5792274,5664095.445299778,459501.01628063095
Cave and Basin gift shop,POINT (458834.7880336117 5666591.534772757),information,51.1696877,-115.5890413,5666591.534772757,458834.7880336117
,POINT (458853.5689702079 5666601.356195577),information,51.1697774,-115.5887737,5666601.356195577,458853.5689702079
,POINT (458848.6104094514 5666607.910361569),viewpoint,51.169836,-115.5888454,5666607.910361569,458848.6104094514
Mount Royal Hotel,POINT (460122.8295792007 5667313.399963419),hotel,51.1762725,-115.5706916,5667313.399963419,460122.8295792007
,POINT (460604.1153672536 5666556.135524982),viewpoint,51.169494,-115.5637211,5666556.135524982,460604.1153672536
,POINT (460523.9759004123 5666630.143465171),viewpoint,51.1701542,-115.5648759,5666630.143465171,460523.9759004123
,POINT (460504.260640023 5666655.630100955),viewpoint,51.1703821,-115.5651608,5666655.630100955,460504.260640023
,POINT (460368.61307660386 5666802.137586221),viewpoint,51.1716906,-115.5671179,5666802.137586221,460368.61307660386
,POINT (460558.5394144283 5666596.950176778),viewpoint,51.169858,-115.5643777,5666596.950176778,460558.5394144283
,POINT (460096.75050797476 5667391.653590441),artwork,51.1769746,-115.5710735,5667391.653590441,460096.75050797476
Brandon T. Brown Wilderness Gallery,POINT (459993.06024827407 5667443.897379918),gallery,51.1774373,-115.5725632,5667443.897379918,459993.06024827407
Carter-Ryan Gallery and Live Art Venue,POINT (460000.448864458 5667547.459770313),gallery,51.1783694,-115.572469,5667547.459770313,460000.448864458
3 Peaks Banff,POINT (460299.3939526639 5667323.538717956),chalet,51.176376,-115.568166,5667323.538717956,460299.3939526639
,POINT (460871.7191454016 5666353.9893200295),information,51.167694,-115.5598701,5666353.9893200295,460871.7191454016
,POINT (460456.1698272871 5666712.717771316),viewpoint,51.1708923,-115.5658552,5666712.717771316,460456.1698272871
,POINT (461318.7977320212 5667461.116008971),information,51.1776835,-115.5535926,5667461.116008971,461318.7977320212
,POINT (461317.9198063374 5667462.378814874),information,51.1776948,-115.5536053,5667462.378814874,461317.9198063374
Cascade Cabin Bed and Breakfast,POINT (459845.3999737806 5666764.721947705),guest_house,51.1713175,-115.5746004,5666764.721947705,459845.3999737806
Cascade Court Bed and Breakfast,POINT (460336.8961568747 5666377.020199201),guest_house,51.1678643,-115.5675248,5666377.020199201,460336.8961568747
Glacier Studios,POINT (460197.15883601335 5666298.0927525675),guest_house,51.1671446,-115.5695154,5666298.0927525675,460197.15883601335
,POINT (460458.4334421286 5667421.952413721),guest_house,51.1772723,-115.5659009,5667421.952413721,460458.4334421286
Holiday Lodge B & B & Cabins,POINT (459959.3591540555 5667642.1505413),guest_house,51.1792183,-115.5730676,5667642.1505413,459959.3591540555
Mountain Home B & B,POINT (460288.8471139795 5667273.527857286),guest_house,51.1759254,-115.5683114,5667273.527857286,460288.8471139795
Riverside Bed & Breakfast,POINT (459808.93553140794 5667440.531768694),guest_house,51.1773941,-115.5751978,5667440.531768694,459808.93553140794
,POINT (459763.2508838831 5667485.289917043),artwork,51.1777935,-115.5758566,5667485.289917043,459763.2508838831
Ugly Bunny Guest House,POINT (460646.0285906487 5667223.377995693),guest_house,51.175499,-115.5631945,5667223.377995693,460646.0285906487
Wolf Den Bed & Breakfast,POINT (459818.8635906393 5667787.921780283),guest_house,51.1805197,-115.5750946,5667787.921780283,459818.8635906393
Welcome to Lake Louise,POINT (415456.0742997283 5694538.092188955),information,51.4162575,-116.2162687,5694538.092188955,415456.0742997283
Discovery and rediscovery,POINT (415449.9136382385 5694553.56121449),information,51.4163957,-116.216361,5694553.56121449,415449.9136382385
A World Class Treasure,POINT (415450.4734112496 5694548.748415687),information,51.4163525,-116.2163518,5694548.748415687,415450.4734112496
Live in the snow forest,POINT (415449.83968663897 5694558.321472988),information,51.4164385,-116.2163632,5694558.321472988,415449.83968663897
,POINT (441324.03836595686 5675341.2919704905),information,51.2468603,-115.8410139,5675341.2919704905,441324.03836595686
,POINT (441601.4773240828 5676493.686493348),information,51.2572543,-115.837226,5676493.686493348,441601.4773240828
Banff Welcome Sign,POINT (459478.5990882672 5667979.391484876),information,51.182218,-115.579986,5667979.391484876,459478.5990882672
ROAM Transit Customer Service Desk,POINT (460162.3674035028 5667502.72396529),information,51.1779783,-115.5701468,5667502.72396529,460162.3674035028
Basecamp Suites,POINT (460021.7190291836 5667630.081225991),hotel,51.1791141,-115.5721738,5667630.081225991,460021.7190291836
,POINT (463512.1040764927 5673530.31113012),viewpoint,51.2324227,-115.5228219,5673530.31113012,463512.1040764927
Lake Minnewanka Lookout,POINT (465928.9895202366 5673907.241090665),viewpoint,51.2359629,-115.4882285,5673907.241090665,465928.9895202366
,POINT (462456.4253006245 5670305.844552005),information,51.2033489,-115.5376097,5670305.844552005,462456.4253006245
,POINT (461720.93690836505 5668988.497339439),information,51.19145,-115.5480005,5668988.497339439,461720.93690836505
,POINT (419581.81915822433 5695024.216858493),information,51.4212303,-116.1570385,5695024.216858493,419581.81915822433
Wildlife Crossing Exhibit,POINT (442339.4549662552 5673090.507154902),attraction,51.2267186,-115.8260987,5673090.507154902,442339.4549662552
Johnston Canyon,POINT (441376.96179651533 5675230.099663159),information,51.2458656,-115.8402372,5675230.099663159,441376.96179651533
,POINT (414925.0410478937 5699520.032243419),viewpoint,51.4609824,-116.2251046,5699520.032243419,414925.0410478937
Mount Wilson Overlook,POINT (381453.33823857206 5751669.633844069),viewpoint,51.9238344,-116.7246412,5751669.633844069,381453.33823857206
Saskatchewan River Viewpoint,POINT (370949.2659977668 5766467.724607642),viewpoint,52.0545278,-116.8829444,5766467.724607642,370949.2659977668
,POINT (370787.06183065893 5766623.607750585),viewpoint,52.0558913,-116.8853687,5766623.607750585,370787.06183065893
,POINT (368107.1794401458 5769087.100864717),viewpoint,52.0774047,-116.9254002,5769087.100864717,368107.1794401458
Icefields Parkway Viewpoint,POINT (359522.83364244463 5780361.98725081),viewpoint,52.1766371,-117.0552913,5780361.98725081,359522.83364244463
Bridal Veil Falls Viewpoint,POINT (359411.52541727957 5780825.811118516),viewpoint,52.1807778,-117.0571111,5780825.811118516,359411.52541727957
,POINT (463137.80780220317 5668721.691004255),viewpoint,51.1891432,-115.5276902,5668721.691004255,463137.80780220317
Welcome to Lake Louise Bear Sign,POINT (418226.7868547327 5695535.46501371),attraction,51.4256342,-116.1766481,5695535.46501371,418226.7868547327
View point,POINT (465221.967991166 5677224.657976372),viewpoint,51.2657616,-115.4986822,5677224.657976372,465221.967991166
,POINT (464931.6010499229 5677633.114814587),viewpoint,51.269418,-115.5028857,5677633.114814587,464931.6010499229
Bow Glacier Falls,POINT (396400.111954498 5721381.790847001),viewpoint,51.6544772,-116.4982268,5721381.790847001,396400.111954498
Bow Glacier Falls,POINT (396427.1708582271 5721375.964517656),viewpoint,51.6544298,-116.4978339,5721375.964517656,396427.1708582271
,POINT (396581.00176272215 5726611.423352277),viewpoint,51.7015353,-116.497162,5726611.423352277,396581.00176272215
Park Place Condominiums,POINT (460429.68984287966 5668072.96320914),apartment,51.1831264,-115.566384,5668072.96320914,460429.68984287966
,POINT (459599.09720621514 5664001.993484688),viewpoint,51.1464483,-115.5778142,5664001.993484688,459599.09720621514
,POINT (459633.929889632 5663963.233767647),viewpoint,51.1461021,-115.5773117,5663963.233767647,459633.929889632
,POINT (459641.0173186559 5663939.688419351),viewpoint,51.1458908,-115.5772077,5663939.688419351,459641.0173186559
,POINT (459665.32701716287 5663936.60739493),viewpoint,51.1458648,-115.5768597,5663936.60739493,459665.32701716287
,POINT (459794.35872734454 5663829.154270333),viewpoint,51.1449073,-115.5750024,5663829.154270333,459794.35872734454
,POINT (459790.10551295907 5663829.832285074),viewpoint,51.1449131,-115.5750633,5663829.832285074,459790.10551295907
,POINT (459567.44092645054 5664053.379369481),viewpoint,51.1469083,-115.5782727,5664053.379369481,459567.44092645054
,POINT (459713.158933755 5667911.590593724),information,51.1816247,-115.5766213,5667911.590593724,459713.158933755
,POINT (418436.92795382143 5694660.182151673),camp_site,51.4177926,-116.1734234,5694660.182151673,418436.92795382143
,POINT (407944.79541132477 5718473.436994288),information,51.6303342,-116.3305572,5718473.436994288,407944.79541132477
Howse Pass / David Thompson,POINT (378925.46201482374 5737936.727219612),information,51.7998239,-116.7565821,5737936.727219612,378925.46201482374
Conway Creek,POINT (377658.4499719432 5740184.489258021),camp_site,51.8197565,-116.775749,5740184.489258021,377658.4499719432
Morant’s Curve,POINT (421562.0924971282 5692613.585970216),viewpoint,51.3998275,-116.1280191,5692613.585970216,421562.0924971282
Morant’s Curve,POINT (421561.2614726983 5692582.63276533),viewpoint,51.399549,-116.1280242,5692582.63276533,421561.2614726983
,POINT (434152.0303490815 5679332.469623542),viewpoint,51.2819752,-115.9445331,5679332.469623542,434152.0303490815
Storm Mountain Lookout,POINT (434173.3074422204 5679359.890854125),attraction,51.2822243,-115.944233,5679359.890854125,434173.3074422204
,POINT (357825.2337942683 5779532.877070633),viewpoint,52.1687496,-117.0797632,5779532.877070633,357825.2337942683
,POINT (459793.66231185186 5663690.833816857),information,51.143663,-115.5749969,5663690.833816857,459793.66231185186
Marker 27,POINT (488054.5793274415 5678965.6085007135),information,51.2823593,-115.1713467,5678965.6085007135,488054.5793274415
Devils Gap Info,POINT (488056.39563876967 5678961.224355141),information,51.2823199,-115.1713205,5678961.224355141,488056.39563876967
Rocky Mountain Bighorn Sheep,POINT (451341.12656012544 5666572.514001999),information,51.1689276,-115.6962592,5666572.514001999,451341.12656012544
Bears,POINT (453308.05057492724 5666837.130987916),information,51.171472,-115.668151,5666837.130987916,453308.05057492724
Bow Valley Parkway,POINT (453298.3558135599 5666830.826791432),information,51.1714145,-115.6682889,5666830.826791432,453298.3558135599
,POINT (460068.27795298956 5666860.491008685),information,51.1721946,-115.5714219,5666860.491008685,460068.27795298956
Hillsdale Meadow,POINT (445310.4268832537 5672659.855202388),information,51.2231376,-115.7834724,5672659.855202388,445310.4268832537
,POINT (470763.45077168476 5621228.098447807),camp_pitch,50.762337,-115.414708,5621228.098447807,470763.45077168476
,POINT (470738.8059100847 5621269.9763667295),camp_pitch,50.7627125,-115.4150609,5621269.9763667295,470738.8059100847
The Crossing Resort - April 17 - Oct 18,POINT (380058.8417138846 5757155.506638685),attraction,51.972856,-116.7468342,5757155.506638685,380058.8417138846
,POINT (421397.4383683502 5699337.008116726),information,51.460273,-116.1318798,5699337.008116726,421397.4383683502
